Day,Attack,Model
1,0,A
1,0,A
1,0,A
1,0,A
1,0,A
1,0,A
1,0,A
1,0,A
1,0,A
1,0,A
1,0,A
1,0,A
1,0,A
1,0,A
1,0,A
1,0,A
1,0,A
1,0,A
1,0,A
1,0,A
1,0,A
1,0,A
1,0,A
1,0,A
1,0,A
1,0,A
1,0,A
1,0,A
1,0,A
1,0,A
1,0,A
1,0,A
1,0,A
1,0,A
1,0,A
1,0,A
1,0,A
1,0,A
1,0,A
1,0,A
1,0,A
1,0,A
1,0,A
1,0,A
1,0,A
1,0,A
1,0,A
1,0,A
1,0,A
1,0,A
1,0,A
1,0,A
1,0,A
1,0,A
1,0,A
1,0,A
1,0,A
1,0,A
1,0,A
1,0,A
1,0,A
1,0,A
1,0,A
1,0,A
1,0,A
1,0,A
1,0,A
1,0,A
1,0,A
1,0,A
1,0,A
1,0,A
1,0,A
1,0,A
1,0,A
1,0,A
1,0,A
1,0,A
1,0,A
1,0,A
1,0,A
1,0,A
1,0,A
1,0,A
1,0,A
1,0,A
1,0,A
1,0,A
1,0,A
1,0,A
1,0,A
1,0,A
1,0,A
1,0,A
1,0,A
1,0,A
1,0,A
1,0,A
1,0,A
1,0,A
1,0,A
1,0,A
1,0,A
1,0,A
1,0,A
1,0,A
1,0,A
1,0,A
1,0,A
1,0,A
1,0,A
1,0,A
1,0,A
1,0,A
1,0,A
1,0,A
1,0,A
1,0,A
1,0,A
1,0,A
1,0,A
1,0,A
1,0,A
1,0,A
1,0,A
1,0,A
1,0,A
1,0,A
1,0,A
1,0,A
1,0,A
1,0,A
1,0,A
1,0,A
1,0,A
1,0,A
1,0,A
1,0,A
1,0,A
1,0,A
1,0,A
1,0,A
1,0,A
1,0,A
1,0,A
1,0,A
1,0,A
1,0,A
1,0,A
1,0,A
1,0,A
1,0,A
1,0,A
1,0,A
1,0,A
1,0,A
1,0,A
1,0,A
1,0,A
1,0,A
1,0,A
1,0,A
1,0,A
1,0,A
1,0,A
1,0,A
1,0,A
1,0,A
1,0,A
1,0,A
1,0,A
1,0,A
1,0,A
1,0,A
1,0,A
1,0,A
1,0,A
1,0,A
1,0,A
1,0,A
1,0,A
1,0,A
1,0,A
1,0,A
1,0,A
1,0,A
1,0,A
1,0,A
1,0,A
1,0,A
1,0,A
1,0,A
1,0,A
1,0,A
1,0,A
1,0,A
1,0,A
1,0,A
1,0,A
1,0,A
1,0,A
1,0,A
1,0,A
1,0,A
1,0,A
1,0,A
1,0,A
1,0,A
1,0,A
1,0,A
1,0,A
1,0,A
1,0,A
1,0,A
1,0,A
1,0,A
1,0,A
1,0,A
1,0,A
1,0,A
1,0,A
1,0,A
1,0,A
1,0,A
1,0,A
1,0,A
1,0,A
1,0,A
1,0,A
1,0,A
1,0,A
1,0,A
1,0,A
1,0,A
1,0,A
1,0,A
1,0,A
1,0,A
1,0,A
1,0,A
1,0,A
1,0,A
1,0,A
1,0,A
1,0,A
1,0,A
1,0,A
1,0,A
1,0,A
1,0,A
1,0,A
1,0,A
1,0,A
1,0,A
1,0,A
1,0,A
1,0,A
1,0,A
1,0,A
1,0,A
1,0,A
1,0,A
1,0,A
1,0,A
1,0,A
1,0,A
1,0,A
1,0,A
1,0,A
1,0,A
1,0,A
1,0,A
1,0,A
1,0,A
1,0,A
1,0,A
1,0,A
1,0,A
1,0,A
1,0,A
1,0,A
1,0,A
1,0,A
1,0,A
1,0,A
1,0,A
1,0,A
1,0,A
1,0,A
1,0,A
1,0,A
1,0,A
1,0,A
1,0,A
1,0,A
1,0,A
1,0,A
1,0,A
1,0,A
1,0,A
1,0,A
1,0,A
1,0,A
1,0,A
1,0,A
1,0,A
1,0,A
1,0,A
1,0,A
1,0,A
1,0,A
1,0,A
1,0,A
1,0,A
1,0,A
1,0,A
1,0,A
1,0,A
1,0,A
1,0,A
1,0,A
1,0,A
1,0,A
1,0,A
1,0,A
1,0,A
1,0,A
1,0,A
1,0,A
1,0,A
1,0,A
1,0,A
1,0,A
1,0,A
1,0,A
1,0,A
1,0,A
1,0,A
1,0,A
1,0,A
1,0,A
1,0,A
1,0,A
1,0,A
1,0,A
1,0,A
1,0,A
1,0,A
1,0,A
1,0,A
1,0,A
1,0,A
1,0,A
1,0,A
1,0,A
1,0,A
1,0,A
1,0,A
1,0,A
1,0,A
1,0,A
1,0,A
1,0,A
1,0,A
1,0,A
1,0,A
1,0,A
1,0,A
1,0,A
1,0,A
1,0,A
1,0,A
1,0,A
1,0,A
1,0,A
1,0,A
1,0,A
1,0,A
1,0,A
1,0,A
1,0,A
1,0,A
1,0,A
1,0,A
1,0,A
1,0,A
1,0,A
1,0,A
1,0,A
1,0,A
1,0,A
1,0,A
1,0,A
1,0,A
1,0,A
1,0,A
1,0,A
1,0,A
1,0,A
1,0,A
1,0,A
1,0,A
1,0,A
1,0,A
1,0,A
1,0,A
1,0,A
1,0,A
1,0,A
1,0,A
1,0,A
1,0,A
1,0,A
1,0,A
1,0,A
1,0,A
1,0,A
1,0,A
1,0,A
1,0,A
1,0,A
1,0,A
1,0,A
1,0,A
1,0,A
1,0,A
1,0,A
1,0,A
1,0,A
1,0,A
1,0,A
1,0,A
1,0,A
1,0,A
1,0,A
1,0,A
1,0,A
1,0,A
1,0,A
1,0,A
1,0,A
1,0,A
1,0,A
1,0,A
1,0,A
1,0,A
1,0,A
1,0,A
1,0,A
1,0,A
1,0,A
1,0,A
1,0,A
1,0,A
1,0,A
1,0,A
1,0,A
1,0,A
1,0,A
1,0,A
1,0,A
1,0,A
1,0,A
1,0,A
1,0,A
1,0,A
1,0,A
1,0,A
1,0,A
1,0,A
1,0,A
1,0,A
1,0,A
1,0,A
1,0,A
1,0,A
1,0,A
1,0,A
1,0,A
1,0,A
1,0,A
1,0,A
1,0,A
1,0,A
1,0,A
1,0,A
1,0,A
1,0,A
1,0,A
1,0,A
1,0,A
1,0,A
1,0,A
1,0,A
1,0,A
1,0,A
1,0,A
1,0,A
1,0,A
1,0,A
2,0,A
2,0,A
2,0,A
2,0,A
2,0,A
2,0,A
2,0,A
2,0,A
2,0,A
2,0,A
2,0,A
2,0,A
2,0,A
2,0,A
2,0,A
2,0,A
2,0,A
2,0,A
2,0,A
2,0,A
2,0,A
2,0,A
2,0,A
2,0,A
2,0,A
2,0,A
2,0,A
2,0,A
2,0,A
2,0,A
2,0,A
2,0,A
2,0,A
2,0,A
2,0,A
2,0,A
2,0,A
2,0,A
2,0,A
2,0,A
2,0,A
2,0,A
2,0,A
2,0,A
2,0,A
2,0,A
2,0,A
2,0,A
2,0,A
2,0,A
2,0,A
2,0,A
2,0,A
2,0,A
2,0,A
2,0,A
2,0,A
2,0,A
2,0,A
2,0,A
2,0,A
2,0,A
2,0,A
2,0,A
2,0,A
2,0,A
2,0,A
2,0,A
2,0,A
2,0,A
2,0,A
2,0,A
2,0,A
2,0,A
2,0,A
2,0,A
2,0,A
2,0,A
2,0,A
2,0,A
2,0,A
2,0,A
2,0,A
2,0,A
2,0,A
2,0,A
2,0,A
2,0,A
2,0,A
2,0,A
2,0,A
2,0,A
2,0,A
2,0,A
2,0,A
2,0,A
2,0,A
2,0,A
2,0,A
2,0,A
2,0,A
2,0,A
2,0,A
2,0,A
2,0,A
2,0,A
2,0,A
2,0,A
2,0,A
2,0,A
2,0,A
2,0,A
2,0,A
2,0,A
2,0,A
2,0,A
2,0,A
2,0,A
2,0,A
2,0,A
2,0,A
2,0,A
2,0,A
2,0,A
2,0,A
2,0,A
2,0,A
2,0,A
2,0,A
2,0,A
2,0,A
2,0,A
2,0,A
2,0,A
2,0,A
2,0,A
2,0,A
2,0,A
2,0,A
2,0,A
2,0,A
2,0,A
2,0,A
2,0,A
2,0,A
2,0,A
2,0,A
2,0,A
2,0,A
2,0,A
2,0,A
2,0,A
2,0,A
2,0,A
2,0,A
2,0,A
2,0,A
2,0,A
2,0,A
2,0,A
2,0,A
2,0,A
2,0,A
2,0,A
2,0,A
2,0,A
2,0,A
2,0,A
2,0,A
2,0,A
2,0,A
2,0,A
2,0,A
2,0,A
2,0,A
2,0,A
2,0,A
2,0,A
2,0,A
2,0,A
2,0,A
2,0,A
2,0,A
2,0,A
2,0,A
2,0,A
2,0,A
2,0,A
2,0,A
2,0,A
2,0,A
2,0,A
2,0,A
2,0,A
2,0,A
2,0,A
2,0,A
2,0,A
2,0,A
2,0,A
2,0,A
2,0,A
2,0,A
2,0,A
2,0,A
2,0,A
2,0,A
2,0,A
2,0,A
2,0,A
2,0,A
2,0,A
2,0,A
2,0,A
2,0,A
2,0,A
2,0,A
2,0,A
2,0,A
2,0,A
2,0,A
2,0,A
2,0,A
2,0,A
2,0,A
2,0,A
2,0,A
2,0,A
2,0,A
2,0,A
2,0,A
2,0,A
2,0,A
2,0,A
2,0,A
2,0,A
2,0,A
2,0,A
2,0,A
2,0,A
2,0,A
2,0,A
2,0,A
2,0,A
2,0,A
2,0,A
2,0,A
2,0,A
2,0,A
2,0,A
2,0,A
2,0,A
2,0,A
2,0,A
2,0,A
2,0,A
2,0,A
2,0,A
2,0,A
2,0,A
2,0,A
2,0,A
2,0,A
2,0,A
2,0,A
2,0,A
2,0,A
2,0,A
2,0,A
2,0,A
2,0,A
2,0,A
2,0,A
2,0,A
2,0,A
2,0,A
2,0,A
2,0,A
2,0,A
2,0,A
2,0,A
2,0,A
2,0,A
2,0,A
2,0,A
2,0,A
2,0,A
2,0,A
2,0,A
2,0,A
2,0,A
2,0,A
2,0,A
2,0,A
2,0,A
2,0,A
2,0,A
2,0,A
2,0,A
2,0,A
2,0,A
2,0,A
2,0,A
2,0,A
2,0,A
2,0,A
2,0,A
2,0,A
2,0,A
2,0,A
2,0,A
2,0,A
2,0,A
2,0,A
2,0,A
2,0,A
2,0,A
2,0,A
2,0,A
2,0,A
2,0,A
2,0,A
2,0,A
2,0,A
2,0,A
2,0,A
2,0,A
2,0,A
2,0,A
2,0,A
2,0,A
2,0,A
2,0,A
2,0,A
2,0,A
2,0,A
2,0,A
2,0,A
2,0,A
2,0,A
2,0,A
2,0,A
2,0,A
2,0,A
2,0,A
2,0,A
2,0,A
2,0,A
2,0,A
2,0,A
2,0,A
2,0,A
2,0,A
2,0,A
2,0,A
2,0,A
2,0,A
2,0,A
2,0,A
2,0,A
2,0,A
2,0,A
2,0,A
2,0,A
2,0,A
2,0,A
2,0,A
2,0,A
2,0,A
2,0,A
2,0,A
2,0,A
2,0,A
2,0,A
2,0,A
2,0,A
2,0,A
2,0,A
2,0,A
2,0,A
2,0,A
2,0,A
2,0,A
2,0,A
2,0,A
2,0,A
2,0,A
2,0,A
2,0,A
2,0,A
2,0,A
2,0,A
2,0,A
2,0,A
2,0,A
2,0,A
2,0,A
2,0,A
2,0,A
2,0,A
2,0,A
2,0,A
2,0,A
2,0,A
2,0,A
2,0,A
2,0,A
2,0,A
2,0,A
2,0,A
2,0,A
2,0,A
2,0,A
2,0,A
2,0,A
2,0,A
2,0,A
2,0,A
2,0,A
2,0,A
2,0,A
2,0,A
2,0,A
2,0,A
2,0,A
2,0,A
2,0,A
2,0,A
2,0,A
2,0,A
2,0,A
2,0,A
2,0,A
2,0,A
2,0,A
2,0,A
2,0,A
2,0,A
2,0,A
2,0,A
2,0,A
2,0,A
2,0,A
2,0,A
2,0,A
2,0,A
2,0,A
2,0,A
2,0,A
2,0,A
2,0,A
2,0,A
2,0,A
2,0,A
2,0,A
2,0,A
2,0,A
2,0,A
2,0,A
2,0,A
2,0,A
2,0,A
2,0,A
2,0,A
2,0,A
2,0,A
2,0,A
2,0,A
2,0,A
2,0,A
2,0,A
2,0,A
2,0,A
2,0,A
2,0,A
2,0,A
2,0,A
2,0,A
2,0,A
2,0,A
2,0,A
2,0,A
2,0,A
2,0,A
2,0,A
2,0,A
2,0,A
2,0,A
2,0,A
2,0,A
2,0,A
2,0,A
2,0,A
2,0,A
2,0,A
2,0,A
2,0,A
2,0,A
2,0,A
2,0,A
3,0,A
3,1,A
3,0,A
3,0,A
3,0,A
3,0,A
3,0,A
3,0,A
3,0,A
3,0,A
3,0,A
3,0,A
3,0,A
3,0,A
3,0,A
3,0,A
3,0,A
3,0,A
3,0,A
3,0,A
3,0,A
3,0,A
3,0,A
3,0,A
3,0,A
3,0,A
3,0,A
3,0,A
3,0,A
3,0,A
3,0,A
3,0,A
3,0,A
3,0,A
3,0,A
3,0,A
3,0,A
3,0,A
3,0,A
3,0,A
3,0,A
3,0,A
3,0,A
3,0,A
3,0,A
3,0,A
3,0,A
3,0,A
3,0,A
3,0,A
3,0,A
3,0,A
3,0,A
3,0,A
3,0,A
3,0,A
3,0,A
3,0,A
3,0,A
3,0,A
3,0,A
3,0,A
3,0,A
3,0,A
3,0,A
3,0,A
3,0,A
3,0,A
3,0,A
3,0,A
3,0,A
3,0,A
3,0,A
3,0,A
3,0,A
3,0,A
3,0,A
3,0,A
3,0,A
3,0,A
3,0,A
3,0,A
3,0,A
3,0,A
3,0,A
3,0,A
3,0,A
3,0,A
3,0,A
3,0,A
3,0,A
3,0,A
3,0,A
3,0,A
3,0,A
3,0,A
3,0,A
3,0,A
3,0,A
3,0,A
3,0,A
3,0,A
3,0,A
3,0,A
3,0,A
3,0,A
3,0,A
3,0,A
3,0,A
3,0,A
3,0,A
3,0,A
3,0,A
3,0,A
3,0,A
3,0,A
3,0,A
3,0,A
3,0,A
3,0,A
3,0,A
3,0,A
3,0,A
3,1,A
3,0,A
3,0,A
3,0,A
3,0,A
3,0,A
3,0,A
3,0,A
3,0,A
3,0,A
3,0,A
3,0,A
3,0,A
3,0,A
3,0,A
3,0,A
3,0,A
3,0,A
3,0,A
3,0,A
3,0,A
3,0,A
3,0,A
3,0,A
3,0,A
3,0,A
3,0,A
3,0,A
3,0,A
3,0,A
3,0,A
3,0,A
3,0,A
3,0,A
3,0,A
3,0,A
3,0,A
3,0,A
3,0,A
3,0,A
3,0,A
3,0,A
3,0,A
3,0,A
3,0,A
3,0,A
3,0,A
3,0,A
3,0,A
3,0,A
3,0,A
3,0,A
3,0,A
3,0,A
3,0,A
3,0,A
3,0,A
3,0,A
3,0,A
3,0,A
3,0,A
3,0,A
3,0,A
3,0,A
3,0,A
3,0,A
3,0,A
3,0,A
3,1,A
3,0,A
3,0,A
3,0,A
3,0,A
3,0,A
3,0,A
3,0,A
3,0,A
3,0,A
3,0,A
3,0,A
3,0,A
3,0,A
3,0,A
3,0,A
3,0,A
3,0,A
3,0,A
3,0,A
3,0,A
3,0,A
3,0,A
3,0,A
3,0,A
3,0,A
3,0,A
3,0,A
3,0,A
3,0,A
3,0,A
3,0,A
3,0,A
3,0,A
3,0,A
3,0,A
3,0,A
3,0,A
3,0,A
3,0,A
3,0,A
3,0,A
3,0,A
3,0,A
3,0,A
3,0,A
3,0,A
3,0,A
3,0,A
3,0,A
3,0,A
3,0,A
3,0,A
3,0,A
3,0,A
3,0,A
3,0,A
3,0,A
3,0,A
3,0,A
3,0,A
3,0,A
3,0,A
3,0,A
3,0,A
3,0,A
3,0,A
3,0,A
3,0,A
3,0,A
3,0,A
3,0,A
3,0,A
3,0,A
3,0,A
3,0,A
3,0,A
3,0,A
3,0,A
3,0,A
3,0,A
3,0,A
3,0,A
3,0,A
3,0,A
3,0,A
3,0,A
3,0,A
3,0,A
3,0,A
3,0,A
3,0,A
3,0,A
3,0,A
3,0,A
3,0,A
3,0,A
3,0,A
3,0,A
3,0,A
3,0,A
3,0,A
3,0,A
3,0,A
3,0,A
3,0,A
3,0,A
3,0,A
3,0,A
3,0,A
3,0,A
3,0,A
3,0,A
3,0,A
3,0,A
3,0,A
3,0,A
3,0,A
3,0,A
3,0,A
3,0,A
3,0,A
3,0,A
3,0,A
3,0,A
3,0,A
3,0,A
3,0,A
3,0,A
3,0,A
3,0,A
3,0,A
3,0,A
3,0,A
3,0,A
3,0,A
3,0,A
3,0,A
3,0,A
3,0,A
3,0,A
3,0,A
3,0,A
3,0,A
3,0,A
3,0,A
3,0,A
3,0,A
3,0,A
3,0,A
3,0,A
3,0,A
3,0,A
3,0,A
3,0,A
3,0,A
3,0,A
3,0,A
3,0,A
3,0,A
3,0,A
3,0,A
3,0,A
3,0,A
3,0,A
3,0,A
3,0,A
3,0,A
3,0,A
3,0,A
3,0,A
3,0,A
3,0,A
3,0,A
3,0,A
3,0,A
3,0,A
3,0,A
3,0,A
3,0,A
3,0,A
3,0,A
3,0,A
3,0,A
3,0,A
3,0,A
3,0,A
3,0,A
3,0,A
3,0,A
3,0,A
3,0,A
3,0,A
3,0,A
3,0,A
3,0,A
3,0,A
3,0,A
3,0,A
3,0,A
3,0,A
3,0,A
3,0,A
3,0,A
3,0,A
3,0,A
3,0,A
3,0,A
3,0,A
3,0,A
3,0,A
3,0,A
3,0,A
3,0,A
3,0,A
3,0,A
3,0,A
3,0,A
3,0,A
3,0,A
3,0,A
3,0,A
3,0,A
3,0,A
3,0,A
3,0,A
3,0,A
3,0,A
3,0,A
3,0,A
3,0,A
3,0,A
3,0,A
3,0,A
3,0,A
3,0,A
3,0,A
3,0,A
3,0,A
3,0,A
3,0,A
3,0,A
3,0,A
3,0,A
3,0,A
3,0,A
3,0,A
3,0,A
3,0,A
3,0,A
3,0,A
3,0,A
3,0,A
3,0,A
3,0,A
3,0,A
3,0,A
3,0,A
3,0,A
3,0,A
3,0,A
3,0,A
3,0,A
3,0,A
3,0,A
3,0,A
3,0,A
3,0,A
3,0,A
3,0,A
3,0,A
3,0,A
3,0,A
3,0,A
3,0,A
3,0,A
3,0,A
3,0,A
3,0,A
3,0,A
3,0,A
3,0,A
3,0,A
3,0,A
3,0,A
3,0,A
3,0,A
3,0,A
3,0,A
3,0,A
3,0,A
3,0,A
3,0,A
3,0,A
3,0,A
3,0,A
3,0,A
3,0,A
3,0,A
3,0,A
3,0,A
3,0,A
3,0,A
3,0,A
3,0,A
3,0,A
3,0,A
3,0,A
3,0,A
4,0,A
4,0,A
4,0,A
4,0,A
4,0,A
4,0,A
4,0,A
4,0,A
4,0,A
4,0,A
4,0,A
4,0,A
4,0,A
4,0,A
4,0,A
4,0,A
4,0,A
4,0,A
4,0,A
4,0,A
4,0,A
4,0,A
4,0,A
4,0,A
4,0,A
4,0,A
4,0,A
4,0,A
4,0,A
4,0,A
4,0,A
4,0,A
4,0,A
4,0,A
4,0,A
4,0,A
4,0,A
4,0,A
4,0,A
4,1,A
4,0,A
4,0,A
4,0,A
4,0,A
4,0,A
4,0,A
4,0,A
4,0,A
4,0,A
4,0,A
4,0,A
4,0,A
4,0,A
4,0,A
4,0,A
4,0,A
4,0,A
4,0,A
4,0,A
4,0,A
4,0,A
4,0,A
4,0,A
4,0,A
4,0,A
4,0,A
4,0,A
4,0,A
4,0,A
4,0,A
4,0,A
4,0,A
4,0,A
4,0,A
4,0,A
4,0,A
4,0,A
4,0,A
4,0,A
4,0,A
4,0,A
4,0,A
4,0,A
4,0,A
4,0,A
4,0,A
4,0,A
4,0,A
4,0,A
4,0,A
4,0,A
4,0,A
4,0,A
4,0,A
4,0,A
4,0,A
4,0,A
4,0,A
4,0,A
4,0,A
4,0,A
4,0,A
4,0,A
4,0,A
4,0,A
4,0,A
4,0,A
4,0,A
4,0,A
4,0,A
4,0,A
4,0,A
4,0,A
4,0,A
4,0,A
4,0,A
4,0,A
4,0,A
4,0,A
4,0,A
4,0,A
4,0,A
4,0,A
4,0,A
4,0,A
4,0,A
4,0,A
4,0,A
4,0,A
4,0,A
4,0,A
4,0,A
4,0,A
4,0,A
4,0,A
4,0,A
4,0,A
4,0,A
4,0,A
4,0,A
4,0,A
4,0,A
4,0,A
4,0,A
4,0,A
4,0,A
4,0,A
4,0,A
4,0,A
4,0,A
4,0,A
4,0,A
4,0,A
4,0,A
4,0,A
4,0,A
4,0,A
4,0,A
4,0,A
4,0,A
4,0,A
4,0,A
4,0,A
4,0,A
4,0,A
4,0,A
4,0,A
4,0,A
4,0,A
4,0,A
4,0,A
4,0,A
4,0,A
4,0,A
4,0,A
4,0,A
4,0,A
4,0,A
4,0,A
4,0,A
4,0,A
4,0,A
4,0,A
4,0,A
4,0,A
4,0,A
4,0,A
4,0,A
4,0,A
4,0,A
4,0,A
4,0,A
4,0,A
4,0,A
4,0,A
4,0,A
4,0,A
4,0,A
4,0,A
4,0,A
4,0,A
4,0,A
4,0,A
4,0,A
4,0,A
4,0,A
4,0,A
4,0,A
4,0,A
4,0,A
4,0,A
4,0,A
4,0,A
4,0,A
4,0,A
4,0,A
4,0,A
4,0,A
4,0,A
4,0,A
4,0,A
4,0,A
4,0,A
4,0,A
4,0,A
4,0,A
4,0,A
4,0,A
4,0,A
4,0,A
4,0,A
4,0,A
4,0,A
4,0,A
4,0,A
4,0,A
4,0,A
4,0,A
4,0,A
4,0,A
4,0,A
4,0,A
4,0,A
4,0,A
4,0,A
4,0,A
4,0,A
4,0,A
4,0,A
4,0,A
4,0,A
4,0,A
4,0,A
4,0,A
4,0,A
4,0,A
4,0,A
4,0,A
4,0,A
4,0,A
4,0,A
4,0,A
4,0,A
4,0,A
4,0,A
4,0,A
4,0,A
4,0,A
4,0,A
4,0,A
4,0,A
4,0,A
4,0,A
4,0,A
4,0,A
4,0,A
4,0,A
4,0,A
4,0,A
4,0,A
4,0,A
4,0,A
4,0,A
4,0,A
4,0,A
4,0,A
4,0,A
4,0,A
4,0,A
4,0,A
4,0,A
4,0,A
4,0,A
4,0,A
4,0,A
4,0,A
4,0,A
4,0,A
4,0,A
4,0,A
4,0,A
4,0,A
4,0,A
4,0,A
4,0,A
4,0,A
4,0,A
4,0,A
4,0,A
4,0,A
4,0,A
4,0,A
4,0,A
4,0,A
4,0,A
4,0,A
4,0,A
4,0,A
4,0,A
4,0,A
4,0,A
4,0,A
4,0,A
4,0,A
4,0,A
4,0,A
4,0,A
4,0,A
4,0,A
4,0,A
4,0,A
4,0,A
4,0,A
4,0,A
4,0,A
4,0,A
4,0,A
4,0,A
4,0,A
4,0,A
4,0,A
4,0,A
4,0,A
4,0,A
4,0,A
4,0,A
4,0,A
4,0,A
4,0,A
4,0,A
4,0,A
4,0,A
4,0,A
4,0,A
4,0,A
4,0,A
4,0,A
4,0,A
4,0,A
4,0,A
4,0,A
4,0,A
4,0,A
4,0,A
4,0,A
4,0,A
4,0,A
4,0,A
4,0,A
4,0,A
4,0,A
4,0,A
4,0,A
4,0,A
4,0,A
4,0,A
4,0,A
4,0,A
4,0,A
4,0,A
4,0,A
4,0,A
4,0,A
4,0,A
4,0,A
4,0,A
4,0,A
4,0,A
4,0,A
4,0,A
4,0,A
4,0,A
4,0,A
4,0,A
4,0,A
4,0,A
4,0,A
4,0,A
4,0,A
4,0,A
4,0,A
4,0,A
4,0,A
4,0,A
4,0,A
4,0,A
4,0,A
4,0,A
4,0,A
4,0,A
4,0,A
4,0,A
4,0,A
4,0,A
4,0,A
4,0,A
4,0,A
4,0,A
4,0,A
4,0,A
4,0,A
4,0,A
4,0,A
4,0,A
4,0,A
4,0,A
4,0,A
4,0,A
4,0,A
4,0,A
4,0,A
4,0,A
4,0,A
4,0,A
4,0,A
4,0,A
4,0,A
4,0,A
4,0,A
4,0,A
4,0,A
4,0,A
4,0,A
4,0,A
4,0,A
4,0,A
4,0,A
4,0,A
4,0,A
4,0,A
4,0,A
4,0,A
4,0,A
4,0,A
4,0,A
4,0,A
4,0,A
4,0,A
4,0,A
4,0,A
4,0,A
4,0,A
4,0,A
4,0,A
4,0,A
4,0,A
4,0,A
4,0,A
4,0,A
4,0,A
4,0,A
4,0,A
4,0,A
4,0,A
4,0,A
4,0,A
4,0,A
4,0,A
4,0,A
4,0,A
4,0,A
4,0,A
4,0,A
4,0,A
4,0,A
4,0,A
4,0,A
4,0,A
4,0,A
4,0,A
4,0,A
4,0,A
4,0,A
4,0,A
4,0,A
4,0,A
4,0,A
4,0,A
4,0,A
4,0,A
1,0,L
1,0,L
1,0,L
1,0,L
1,0,L
1,0,L
1,0,L
1,0,L
1,0,L
1,0,L
1,0,L
1,0,L
1,0,L
1,0,L
1,0,L
1,0,L
1,0,L
1,0,L
1,0,L
1,0,L
1,0,L
1,0,L
1,0,L
1,0,L
1,0,L
1,0,L
1,0,L
1,0,L
1,0,L
1,0,L
1,0,L
1,0,L
1,0,L
1,0,L
1,0,L
1,0,L
1,0,L
1,0,L
1,0,L
1,0,L
1,0,L
1,0,L
1,0,L
1,0,L
1,0,L
1,0,L
1,0,L
1,0,L
1,0,L
1,0,L
1,0,L
1,0,L
1,0,L
1,0,L
1,0,L
1,0,L
1,0,L
1,0,L
1,0,L
1,0,L
1,0,L
1,0,L
1,0,L
1,0,L
1,0,L
1,0,L
1,0,L
1,0,L
1,0,L
1,0,L
1,0,L
1,0,L
1,0,L
1,0,L
1,0,L
1,0,L
1,0,L
1,0,L
1,0,L
1,0,L
1,0,L
1,0,L
1,0,L
1,0,L
1,0,L
1,0,L
1,0,L
1,0,L
1,0,L
1,0,L
1,0,L
1,0,L
1,0,L
1,0,L
1,0,L
1,0,L
1,0,L
1,0,L
1,0,L
1,0,L
1,0,L
1,0,L
1,0,L
1,0,L
1,0,L
1,0,L
1,0,L
1,0,L
1,0,L
1,0,L
1,0,L
1,0,L
1,0,L
1,0,L
1,0,L
1,0,L
1,0,L
1,0,L
1,0,L
1,0,L
1,0,L
1,0,L
1,0,L
1,0,L
1,0,L
1,0,L
1,0,L
1,0,L
1,0,L
1,0,L
1,0,L
1,0,L
1,0,L
1,0,L
1,0,L
1,0,L
1,0,L
1,0,L
1,0,L
1,0,L
1,0,L
1,0,L
1,0,L
1,0,L
1,0,L
1,0,L
1,0,L
1,0,L
1,0,L
1,0,L
1,0,L
1,0,L
1,0,L
1,0,L
1,0,L
1,0,L
1,0,L
1,0,L
1,0,L
1,0,L
1,0,L
1,0,L
1,0,L
1,0,L
1,0,L
1,0,L
1,0,L
1,0,L
1,0,L
1,0,L
1,0,L
1,0,L
1,0,L
1,0,L
1,0,L
1,0,L
1,0,L
1,0,L
1,0,L
1,0,L
1,0,L
1,0,L
1,0,L
1,0,L
1,0,L
1,0,L
1,0,L
1,0,L
1,0,L
1,0,L
1,0,L
1,0,L
1,0,L
1,0,L
1,0,L
1,0,L
1,0,L
1,0,L
1,0,L
1,0,L
1,0,L
1,0,L
1,0,L
1,0,L
1,0,L
1,0,L
1,0,L
1,0,L
1,0,L
1,0,L
1,0,L
1,0,L
1,0,L
1,0,L
1,0,L
1,0,L
1,0,L
1,0,L
1,0,L
1,0,L
1,0,L
1,0,L
1,0,L
1,0,L
1,0,L
1,0,L
1,0,L
1,0,L
1,0,L
1,0,L
1,0,L
1,0,L
1,0,L
1,0,L
1,0,L
1,0,L
1,0,L
1,0,L
1,0,L
1,0,L
1,0,L
1,0,L
1,0,L
1,0,L
1,0,L
1,0,L
1,0,L
1,0,L
1,0,L
1,0,L
1,0,L
1,0,L
1,0,L
1,0,L
1,0,L
1,0,L
1,0,L
1,0,L
1,0,L
1,0,L
1,0,L
1,0,L
1,0,L
1,0,L
1,0,L
1,0,L
1,0,L
1,0,L
1,0,L
1,0,L
1,0,L
1,0,L
1,0,L
1,0,L
1,0,L
1,0,L
1,0,L
1,0,L
1,0,L
1,0,L
1,0,L
1,0,L
1,0,L
1,0,L
1,0,L
1,0,L
1,0,L
1,0,L
1,0,L
1,0,L
1,0,L
1,0,L
1,0,L
1,0,L
1,0,L
1,0,L
1,0,L
1,0,L
1,0,L
1,0,L
1,0,L
1,1,L
1,0,L
1,0,L
1,0,L
1,0,L
1,0,L
1,0,L
1,0,L
1,0,L
1,0,L
1,0,L
1,0,L
1,0,L
1,0,L
1,0,L
1,0,L
1,0,L
1,0,L
1,0,L
1,0,L
1,0,L
1,0,L
1,0,L
1,0,L
1,0,L
1,0,L
1,0,L
1,0,L
1,0,L
1,0,L
1,0,L
1,0,L
1,0,L
1,0,L
1,0,L
1,0,L
1,0,L
1,0,L
1,0,L
1,0,L
1,0,L
1,0,L
1,0,L
1,0,L
1,0,L
1,0,L
1,0,L
1,0,L
1,0,L
1,0,L
1,0,L
1,0,L
1,0,L
1,0,L
1,0,L
1,0,L
1,0,L
1,0,L
1,0,L
1,0,L
1,0,L
1,0,L
1,0,L
1,0,L
1,0,L
1,0,L
1,0,L
1,0,L
1,0,L
1,0,L
1,0,L
1,0,L
1,0,L
1,0,L
1,0,L
1,0,L
1,0,L
1,0,L
1,0,L
1,0,L
1,0,L
1,0,L
1,0,L
1,0,L
1,0,L
1,0,L
1,0,L
1,0,L
1,0,L
1,0,L
1,0,L
1,0,L
1,0,L
1,0,L
1,0,L
1,0,L
1,0,L
1,0,L
1,0,L
1,0,L
1,0,L
1,0,L
1,0,L
1,0,L
1,0,L
1,0,L
1,0,L
1,0,L
1,0,L
1,0,L
1,0,L
1,0,L
1,0,L
1,0,L
1,0,L
1,0,L
1,0,L
1,0,L
1,0,L
1,0,L
1,0,L
1,0,L
1,0,L
1,0,L
1,0,L
1,0,L
1,0,L
1,0,L
1,0,L
1,0,L
1,0,L
1,0,L
1,0,L
1,0,L
1,0,L
1,0,L
1,0,L
1,0,L
1,0,L
1,0,L
1,0,L
1,0,L
1,0,L
1,0,L
1,0,L
1,0,L
1,0,L
1,0,L
1,0,L
1,0,L
1,0,L
1,0,L
1,0,L
1,0,L
1,0,L
1,0,L
1,0,L
1,0,L
1,0,L
1,0,L
1,0,L
1,0,L
1,0,L
1,0,L
1,0,L
1,0,L
1,0,L
1,0,L
1,0,L
1,0,L
1,0,L
1,0,L
1,0,L
1,0,L
1,0,L
1,0,L
1,0,L
1,0,L
1,0,L
1,0,L
1,0,L
1,0,L
1,0,L
1,0,L
1,0,L
1,0,L
1,0,L
1,0,L
1,0,L
1,0,L
1,0,L
1,0,L
1,0,L
1,1,L
1,0,L
1,0,L
1,0,L
1,0,L
1,0,L
2,0,L
2,0,L
2,0,L
2,0,L
2,0,L
2,0,L
2,0,L
2,0,L
2,0,L
2,0,L
2,0,L
2,0,L
2,0,L
2,0,L
2,0,L
2,0,L
2,0,L
2,0,L
2,0,L
2,0,L
2,0,L
2,0,L
2,0,L
2,0,L
2,0,L
2,0,L
2,0,L
2,0,L
2,0,L
2,0,L
2,0,L
2,0,L
2,0,L
2,0,L
2,0,L
2,0,L
2,0,L
2,0,L
2,0,L
2,0,L
2,0,L
2,0,L
2,0,L
2,0,L
2,0,L
2,0,L
2,0,L
2,0,L
2,0,L
2,0,L
2,0,L
2,0,L
2,0,L
2,0,L
2,0,L
2,0,L
2,0,L
2,0,L
2,0,L
2,0,L
2,0,L
2,0,L
2,0,L
2,0,L
2,0,L
2,0,L
2,0,L
2,0,L
2,0,L
2,0,L
2,0,L
2,0,L
2,0,L
2,0,L
2,0,L
2,0,L
2,0,L
2,0,L
2,0,L
2,0,L
2,0,L
2,0,L
2,0,L
2,0,L
2,0,L
2,0,L
2,0,L
2,0,L
2,0,L
2,0,L
2,0,L
2,0,L
2,0,L
2,0,L
2,0,L
2,0,L
2,0,L
2,0,L
2,0,L
2,0,L
2,0,L
2,0,L
2,0,L
2,0,L
2,0,L
2,0,L
2,0,L
2,0,L
2,0,L
2,0,L
2,0,L
2,0,L
2,0,L
2,0,L
2,0,L
2,0,L
2,0,L
2,0,L
2,0,L
2,0,L
2,0,L
2,0,L
2,0,L
2,0,L
2,0,L
2,0,L
2,0,L
2,0,L
2,0,L
2,0,L
2,0,L
2,0,L
2,0,L
2,0,L
2,0,L
2,0,L
2,0,L
2,0,L
2,0,L
2,0,L
2,0,L
2,0,L
2,0,L
2,0,L
2,0,L
2,0,L
2,0,L
2,0,L
2,0,L
2,0,L
2,0,L
2,0,L
2,0,L
2,0,L
2,0,L
2,0,L
2,0,L
2,1,L
2,0,L
2,0,L
2,0,L
2,0,L
2,0,L
2,0,L
2,0,L
2,0,L
2,0,L
2,0,L
2,0,L
2,0,L
2,0,L
2,0,L
2,0,L
2,0,L
2,0,L
2,0,L
2,0,L
2,0,L
2,0,L
2,0,L
2,0,L
2,0,L
2,0,L
2,0,L
2,0,L
2,0,L
2,0,L
2,0,L
2,0,L
2,0,L
2,0,L
2,0,L
2,0,L
2,0,L
2,0,L
2,0,L
2,0,L
2,0,L
2,0,L
2,0,L
2,0,L
2,0,L
2,0,L
2,0,L
2,0,L
2,0,L
2,0,L
2,0,L
2,0,L
2,0,L
2,0,L
2,0,L
2,0,L
2,0,L
2,0,L
2,0,L
2,0,L
2,0,L
2,0,L
2,0,L
2,0,L
2,0,L
2,0,L
2,0,L
2,0,L
2,0,L
2,0,L
2,0,L
2,0,L
2,0,L
2,0,L
2,0,L
2,0,L
2,0,L
2,0,L
2,0,L
2,0,L
2,0,L
2,0,L
2,0,L
2,0,L
2,0,L
2,0,L
2,0,L
2,0,L
2,0,L
2,0,L
2,0,L
2,0,L
2,0,L
2,0,L
2,0,L
2,0,L
2,0,L
2,0,L
2,0,L
2,0,L
2,0,L
2,0,L
2,0,L
2,0,L
2,0,L
2,0,L
2,0,L
2,0,L
2,0,L
2,0,L
2,0,L
2,0,L
2,0,L
2,0,L
2,0,L
2,0,L
2,0,L
2,0,L
2,0,L
2,0,L
2,0,L
2,0,L
2,0,L
2,0,L
2,0,L
2,0,L
2,0,L
2,0,L
2,0,L
2,0,L
2,0,L
2,0,L
2,0,L
2,0,L
2,0,L
2,0,L
2,0,L
2,0,L
2,0,L
2,0,L
2,0,L
2,0,L
2,0,L
2,0,L
2,0,L
2,0,L
2,0,L
2,0,L
2,0,L
2,0,L
2,0,L
2,0,L
2,0,L
2,0,L
2,0,L
2,0,L
2,0,L
2,0,L
2,0,L
2,0,L
2,0,L
2,0,L
2,0,L
2,0,L
2,0,L
2,0,L
2,0,L
2,0,L
2,0,L
2,0,L
2,0,L
2,0,L
2,0,L
2,0,L
2,0,L
2,0,L
2,0,L
2,0,L
2,0,L
2,0,L
2,0,L
2,0,L
2,0,L
2,0,L
2,0,L
2,0,L
2,0,L
2,0,L
2,0,L
2,0,L
2,0,L
2,0,L
2,0,L
2,0,L
2,0,L
2,0,L
2,0,L
2,0,L
2,0,L
2,0,L
2,0,L
2,0,L
2,0,L
2,0,L
2,0,L
2,0,L
2,1,L
2,0,L
2,0,L
2,0,L
2,0,L
2,0,L
2,0,L
2,0,L
2,0,L
2,0,L
2,0,L
2,0,L
2,0,L
2,0,L
2,0,L
2,0,L
2,0,L
2,0,L
2,0,L
2,0,L
2,0,L
2,0,L
2,0,L
2,0,L
2,0,L
2,0,L
2,0,L
2,0,L
2,0,L
2,0,L
2,0,L
2,0,L
2,0,L
2,0,L
2,0,L
2,0,L
2,0,L
2,0,L
2,0,L
2,0,L
2,0,L
2,0,L
2,0,L
2,0,L
2,0,L
2,0,L
2,0,L
2,0,L
2,0,L
2,0,L
2,0,L
2,0,L
2,0,L
2,0,L
2,0,L
2,0,L
2,0,L
2,0,L
2,0,L
2,0,L
2,0,L
2,0,L
2,0,L
2,0,L
2,0,L
2,0,L
2,0,L
2,0,L
2,0,L
2,0,L
2,0,L
2,0,L
2,0,L
2,0,L
2,0,L
2,0,L
2,0,L
2,0,L
2,0,L
2,0,L
2,0,L
2,0,L
2,0,L
2,0,L
2,0,L
2,0,L
2,0,L
2,0,L
2,0,L
2,0,L
2,0,L
2,0,L
2,0,L
2,0,L
2,0,L
2,0,L
2,0,L
2,0,L
2,0,L
2,0,L
2,0,L
2,0,L
2,0,L
2,0,L
2,0,L
2,0,L
2,0,L
2,0,L
2,0,L
2,0,L
2,0,L
2,0,L
2,0,L
2,0,L
2,0,L
2,0,L
2,0,L
2,0,L
2,0,L
2,0,L
2,0,L
2,0,L
2,0,L
2,0,L
2,0,L
2,0,L
2,0,L
2,0,L
2,0,L
2,0,L
2,0,L
2,0,L
2,0,L
2,0,L
2,0,L
2,0,L
2,0,L
3,0,L
3,0,L
3,0,L
3,0,L
3,0,L
3,0,L
3,0,L
3,0,L
3,0,L
3,0,L
3,0,L
3,0,L
3,0,L
3,0,L
3,0,L
3,0,L
3,0,L
3,0,L
3,0,L
3,0,L
3,0,L
3,0,L
3,0,L
3,0,L
3,0,L
3,0,L
3,0,L
3,0,L
3,0,L
3,0,L
3,0,L
3,0,L
3,0,L
3,0,L
3,0,L
3,0,L
3,0,L
3,0,L
3,0,L
3,0,L
3,0,L
3,0,L
3,0,L
3,0,L
3,0,L
3,0,L
3,0,L
3,0,L
3,0,L
3,0,L
3,0,L
3,0,L
3,0,L
3,0,L
3,0,L
3,0,L
3,0,L
3,0,L
3,0,L
3,0,L
3,0,L
3,0,L
3,0,L
3,0,L
3,0,L
3,0,L
3,0,L
3,0,L
3,0,L
3,0,L
3,0,L
3,0,L
3,0,L
3,0,L
3,0,L
3,0,L
3,0,L
3,0,L
3,0,L
3,0,L
3,0,L
3,0,L
3,0,L
3,0,L
3,0,L
3,0,L
3,0,L
3,0,L
3,0,L
3,0,L
3,0,L
3,0,L
3,0,L
3,0,L
3,0,L
3,0,L
3,0,L
3,0,L
3,0,L
3,0,L
3,0,L
3,0,L
3,0,L
3,0,L
3,0,L
3,0,L
3,0,L
3,0,L
3,0,L
3,0,L
3,0,L
3,0,L
3,0,L
3,0,L
3,0,L
3,0,L
3,0,L
3,0,L
3,0,L
3,0,L
3,0,L
3,0,L
3,0,L
3,0,L
3,0,L
3,0,L
3,0,L
3,0,L
3,0,L
3,0,L
3,0,L
3,0,L
3,0,L
3,0,L
3,0,L
3,0,L
3,0,L
3,0,L
3,0,L
3,0,L
3,0,L
3,0,L
3,0,L
3,0,L
3,0,L
3,0,L
3,0,L
3,0,L
3,0,L
3,0,L
3,0,L
3,0,L
3,0,L
3,0,L
3,0,L
3,0,L
3,0,L
3,0,L
3,0,L
3,0,L
3,0,L
3,0,L
3,0,L
3,0,L
3,0,L
3,0,L
3,0,L
3,0,L
3,0,L
3,0,L
3,0,L
3,0,L
3,0,L
3,0,L
3,0,L
3,0,L
3,0,L
3,0,L
3,0,L
3,0,L
3,0,L
3,0,L
3,0,L
3,0,L
3,0,L
3,0,L
3,0,L
3,0,L
3,0,L
3,0,L
3,0,L
3,0,L
3,0,L
3,0,L
3,0,L
3,0,L
3,0,L
3,0,L
3,0,L
3,0,L
3,0,L
3,0,L
3,0,L
3,0,L
3,0,L
3,0,L
3,0,L
3,0,L
3,0,L
3,0,L
3,0,L
3,0,L
3,0,L
3,0,L
3,0,L
3,0,L
3,0,L
3,0,L
3,0,L
3,0,L
3,0,L
3,0,L
3,0,L
3,0,L
3,0,L
3,0,L
3,0,L
3,0,L
3,0,L
3,0,L
3,0,L
3,0,L
3,0,L
3,0,L
3,0,L
3,0,L
3,0,L
3,0,L
3,0,L
3,0,L
3,0,L
3,0,L
3,0,L
3,0,L
3,0,L
3,0,L
3,0,L
3,0,L
3,0,L
3,0,L
3,0,L
3,0,L
3,0,L
3,0,L
3,0,L
3,0,L
3,0,L
3,0,L
3,0,L
3,0,L
3,0,L
3,0,L
3,0,L
3,0,L
3,0,L
3,0,L
3,0,L
3,0,L
3,0,L
3,0,L
3,0,L
3,0,L
3,0,L
3,0,L
3,0,L
3,0,L
3,0,L
3,0,L
3,0,L
3,0,L
3,0,L
3,0,L
3,0,L
3,0,L
3,0,L
3,0,L
3,0,L
3,0,L
3,0,L
3,0,L
3,0,L
3,0,L
3,0,L
3,0,L
3,0,L
3,0,L
3,0,L
3,0,L
3,0,L
3,0,L
3,0,L
3,0,L
3,0,L
3,0,L
3,0,L
3,0,L
3,0,L
3,0,L
3,0,L
3,0,L
3,0,L
3,0,L
3,0,L
3,0,L
3,0,L
3,0,L
3,0,L
3,0,L
3,0,L
3,0,L
3,0,L
3,0,L
3,0,L
3,0,L
3,0,L
3,0,L
3,0,L
3,0,L
3,0,L
3,0,L
3,0,L
3,0,L
3,0,L
3,0,L
3,0,L
3,0,L
3,0,L
3,0,L
3,0,L
3,0,L
3,0,L
3,0,L
3,0,L
3,0,L
3,0,L
3,0,L
3,0,L
3,0,L
3,0,L
3,0,L
3,0,L
3,1,L
3,0,L
3,0,L
3,0,L
3,0,L
3,0,L
3,0,L
3,0,L
3,0,L
3,0,L
3,0,L
3,0,L
3,0,L
3,0,L
3,0,L
3,0,L
3,0,L
3,0,L
3,0,L
3,0,L
3,0,L
3,0,L
3,0,L
3,0,L
3,0,L
3,0,L
3,0,L
3,0,L
3,0,L
3,0,L
3,0,L
3,0,L
3,0,L
3,0,L
3,0,L
3,0,L
3,0,L
3,0,L
3,0,L
3,0,L
3,0,L
3,0,L
3,0,L
3,0,L
3,0,L
3,0,L
3,0,L
3,0,L
3,0,L
3,0,L
3,0,L
3,0,L
3,0,L
3,0,L
3,0,L
3,0,L
3,0,L
3,0,L
3,0,L
3,0,L
3,0,L
3,0,L
3,0,L
3,0,L
3,0,L
3,0,L
3,0,L
3,0,L
3,0,L
3,0,L
3,0,L
3,0,L
3,0,L
3,0,L
3,0,L
3,0,L
3,0,L
3,0,L
3,0,L
3,0,L
3,0,L
3,0,L
3,0,L
3,0,L
3,0,L
3,0,L
3,0,L
3,0,L
3,0,L
3,0,L
3,0,L
3,0,L
3,0,L
3,0,L
3,0,L
3,0,L
3,0,L
3,0,L
3,0,L
3,0,L
3,0,L
3,0,L
3,0,L
3,1,L
3,0,L
3,0,L
3,0,L
3,0,L
3,0,L
3,0,L
3,0,L
3,0,L
3,0,L
3,0,L
3,0,L
3,0,L
3,0,L
3,0,L
3,0,L
3,0,L
3,0,L
3,0,L
3,0,L
3,0,L
3,0,L
3,0,L
3,0,L
3,0,L
3,0,L
3,0,L
3,0,L
3,0,L
3,0,L
3,0,L
3,0,L
3,0,L
3,0,L
3,0,L
3,0,L
3,0,L
3,0,L
3,0,L
3,0,L
3,0,L
3,0,L
3,0,L
3,0,L
3,0,L
3,0,L
4,0,L
4,0,L
4,0,L
4,0,L
4,0,L
4,0,L
4,0,L
4,0,L
4,0,L
4,0,L
4,0,L
4,0,L
4,0,L
4,0,L
4,0,L
4,0,L
4,0,L
4,0,L
4,0,L
4,0,L
4,0,L
4,0,L
4,0,L
4,0,L
4,0,L
4,0,L
4,0,L
4,0,L
4,0,L
4,0,L
4,0,L
4,0,L
4,0,L
4,0,L
4,0,L
4,0,L
4,0,L
4,0,L
4,0,L
4,0,L
4,0,L
4,0,L
4,0,L
4,0,L
4,0,L
4,0,L
4,0,L
4,0,L
4,0,L
4,0,L
4,0,L
4,0,L
4,0,L
4,0,L
4,0,L
4,0,L
4,0,L
4,0,L
4,0,L
4,0,L
4,0,L
4,0,L
4,0,L
4,0,L
4,0,L
4,0,L
4,0,L
4,0,L
4,0,L
4,0,L
4,0,L
4,0,L
4,0,L
4,0,L
4,0,L
4,0,L
4,0,L
4,0,L
4,0,L
4,0,L
4,0,L
4,0,L
4,0,L
4,0,L
4,0,L
4,0,L
4,0,L
4,0,L
4,0,L
4,0,L
4,0,L
4,0,L
4,0,L
4,0,L
4,0,L
4,0,L
4,0,L
4,0,L
4,0,L
4,0,L
4,0,L
4,0,L
4,0,L
4,0,L
4,0,L
4,0,L
4,0,L
4,0,L
4,0,L
4,0,L
4,0,L
4,0,L
4,0,L
4,0,L
4,0,L
4,0,L
4,0,L
4,0,L
4,0,L
4,0,L
4,0,L
4,0,L
4,0,L
4,0,L
4,0,L
4,0,L
4,0,L
4,0,L
4,0,L
4,0,L
4,0,L
4,0,L
4,0,L
4,0,L
4,0,L
4,0,L
4,0,L
4,0,L
4,0,L
4,0,L
4,0,L
4,0,L
4,0,L
4,0,L
4,0,L
4,0,L
4,0,L
4,0,L
4,0,L
4,0,L
4,0,L
4,0,L
4,0,L
4,0,L
4,0,L
4,0,L
4,0,L
4,0,L
4,0,L
4,0,L
4,0,L
4,0,L
4,0,L
4,0,L
4,0,L
4,0,L
4,0,L
4,0,L
4,0,L
4,0,L
4,0,L
4,0,L
4,0,L
4,0,L
4,0,L
4,0,L
4,0,L
4,0,L
4,0,L
4,0,L
4,0,L
4,0,L
4,0,L
4,0,L
4,0,L
4,0,L
4,0,L
4,0,L
4,0,L
4,0,L
4,0,L
4,0,L
4,0,L
4,0,L
4,0,L
4,0,L
4,0,L
4,0,L
4,0,L
4,0,L
4,0,L
4,0,L
4,0,L
4,0,L
4,0,L
4,0,L
4,0,L
4,0,L
4,0,L
4,0,L
4,0,L
4,0,L
4,0,L
4,0,L
4,0,L
4,0,L
4,0,L
4,0,L
4,0,L
4,0,L
4,0,L
4,0,L
4,0,L
4,0,L
4,0,L
4,0,L
4,0,L
4,0,L
4,0,L
4,0,L
4,0,L
4,0,L
4,0,L
4,0,L
4,0,L
4,0,L
4,0,L
4,0,L
4,0,L
4,0,L
4,0,L
4,0,L
4,0,L
4,0,L
4,0,L
4,0,L
4,0,L
4,0,L
4,0,L
4,0,L
4,0,L
4,0,L
4,0,L
4,0,L
4,0,L
4,0,L
4,0,L
4,0,L
4,0,L
4,0,L
4,0,L
4,0,L
4,0,L
4,0,L
4,0,L
4,0,L
4,0,L
4,0,L
4,0,L
4,0,L
4,0,L
4,0,L
4,0,L
4,0,L
4,0,L
4,0,L
4,0,L
4,0,L
4,0,L
4,0,L
4,0,L
4,0,L
4,0,L
4,0,L
4,0,L
4,0,L
4,0,L
4,0,L
4,0,L
4,0,L
4,0,L
4,0,L
4,0,L
4,0,L
4,0,L
4,0,L
4,0,L
4,0,L
4,0,L
4,0,L
4,0,L
4,0,L
4,0,L
4,0,L
4,0,L
4,0,L
4,0,L
4,0,L
4,0,L
4,0,L
4,0,L
4,0,L
4,0,L
4,0,L
4,0,L
4,0,L
4,0,L
4,0,L
4,0,L
4,0,L
4,0,L
4,0,L
4,0,L
4,0,L
4,0,L
4,0,L
4,0,L
4,0,L
4,0,L
4,0,L
4,0,L
4,0,L
4,0,L
4,0,L
4,0,L
4,0,L
4,0,L
4,0,L
4,0,L
4,0,L
4,0,L
4,0,L
4,0,L
4,0,L
4,0,L
4,0,L
4,0,L
4,0,L
4,0,L
4,0,L
4,0,L
4,0,L
4,0,L
4,0,L
4,0,L
4,0,L
4,0,L
4,0,L
4,0,L
4,0,L
4,0,L
4,0,L
4,0,L
4,0,L
4,0,L
4,0,L
4,0,L
4,0,L
4,0,L
4,0,L
4,0,L
4,0,L
4,0,L
4,0,L
4,0,L
4,0,L
4,0,L
4,0,L
4,0,L
4,0,L
4,0,L
4,0,L
4,0,L
4,0,L
4,0,L
4,0,L
4,0,L
4,0,L
4,0,L
4,0,L
4,0,L
4,0,L
4,0,L
4,0,L
4,0,L
4,0,L
4,0,L
4,0,L
4,0,L
4,0,L
4,0,L
4,0,L
4,0,L
4,0,L
4,0,L
4,0,L
4,0,L
4,0,L
4,0,L
4,0,L
4,0,L
4,0,L
4,0,L
4,0,L
4,0,L
4,0,L
4,0,L
4,0,L
4,0,L
4,0,L
4,0,L
4,0,L
4,0,L
4,0,L
4,0,L
4,0,L
4,0,L
4,0,L
4,0,L
4,0,L
4,0,L
4,0,L
4,0,L
4,0,L
4,0,L
4,0,L
4,0,L
4,0,L
4,0,L
4,0,L
4,0,L
4,0,L
4,0,L
4,0,L
4,0,L
4,0,L
4,0,L
4,0,L
4,0,L
4,0,L
4,0,L
4,0,L
4,0,L
4,0,L
4,0,L
4,0,L
4,0,L
4,0,L
4,0,L
4,0,L
4,0,L
4,0,L
4,0,L
4,0,L
4,0,L
4,0,L
4,0,L
4,0,L
4,0,L
4,0,L
4,0,L
4,0,L
4,0,L
4,0,L
4,0,L
4,0,L
4,0,L
4,0,L
4,0,L
4,0,L
4,0,L
4,0,L
4,0,L
4,0,L
4,0,L
4,0,L
4,0,L
4,0,L
4,0,L
4,0,L
4,0,L
4,0,L
4,0,L
4,0,L
4,0,L
4,0,L
4,0,L
4,0,L
4,0,L
4,0,L
1,0,W
1,0,W
1,0,W
1,0,W
1,0,W
1,0,W
1,0,W
1,0,W
1,0,W
1,0,W
1,0,W
1,0,W
1,0,W
1,0,W
1,0,W
1,0,W
1,0,W
1,0,W
1,0,W
1,0,W
1,0,W
1,0,W
1,0,W
1,0,W
1,0,W
1,0,W
1,0,W
1,0,W
1,0,W
1,0,W
1,0,W
1,0,W
1,0,W
1,0,W
1,0,W
1,0,W
1,0,W
1,0,W
1,0,W
1,0,W
1,0,W
1,0,W
1,0,W
1,0,W
1,0,W
1,0,W
1,0,W
1,0,W
1,0,W
1,0,W
1,0,W
1,0,W
1,0,W
1,0,W
1,0,W
1,0,W
1,0,W
1,0,W
1,0,W
1,0,W
1,0,W
1,0,W
1,0,W
1,0,W
1,0,W
1,0,W
1,0,W
1,0,W
1,0,W
1,0,W
1,0,W
1,0,W
1,0,W
1,0,W
1,0,W
1,0,W
1,0,W
1,0,W
1,0,W
1,0,W
1,0,W
1,0,W
1,0,W
1,0,W
1,0,W
1,0,W
1,0,W
1,0,W
1,0,W
1,0,W
1,0,W
1,0,W
1,0,W
1,0,W
1,0,W
1,0,W
1,0,W
1,0,W
1,0,W
1,0,W
1,0,W
1,0,W
1,0,W
1,0,W
1,0,W
1,0,W
1,0,W
1,0,W
1,0,W
1,0,W
1,0,W
1,0,W
1,0,W
1,0,W
1,0,W
1,0,W
1,1,W
1,0,W
1,0,W
1,0,W
1,0,W
1,0,W
1,0,W
1,0,W
1,0,W
1,0,W
1,0,W
1,0,W
1,0,W
1,0,W
1,0,W
1,0,W
1,0,W
1,0,W
1,0,W
1,0,W
1,0,W
1,0,W
1,0,W
1,0,W
1,0,W
1,0,W
1,0,W
1,0,W
1,0,W
1,0,W
1,0,W
1,0,W
1,0,W
1,0,W
1,0,W
1,0,W
1,0,W
1,0,W
1,0,W
1,0,W
1,0,W
1,0,W
1,0,W
1,0,W
1,0,W
1,0,W
1,0,W
1,0,W
1,0,W
1,0,W
1,0,W
1,0,W
1,0,W
1,0,W
1,0,W
1,0,W
1,0,W
1,0,W
1,0,W
1,0,W
1,0,W
1,0,W
1,0,W
1,0,W
1,0,W
1,0,W
1,0,W
1,0,W
1,0,W
1,0,W
1,0,W
1,0,W
1,0,W
1,0,W
1,0,W
1,0,W
1,0,W
1,0,W
1,0,W
1,0,W
1,0,W
1,0,W
1,0,W
1,0,W
1,0,W
1,0,W
1,0,W
1,0,W
1,0,W
1,0,W
1,0,W
1,0,W
1,0,W
1,0,W
1,0,W
1,0,W
1,0,W
1,0,W
1,0,W
1,0,W
1,0,W
1,0,W
1,0,W
1,0,W
1,0,W
1,0,W
1,0,W
1,0,W
1,0,W
1,0,W
1,0,W
1,0,W
1,0,W
1,0,W
1,0,W
1,0,W
1,0,W
1,0,W
1,0,W
1,0,W
1,0,W
1,0,W
1,0,W
1,0,W
1,0,W
1,0,W
1,0,W
1,0,W
1,0,W
1,0,W
1,0,W
1,0,W
1,0,W
1,0,W
1,0,W
1,0,W
1,0,W
1,0,W
1,0,W
1,0,W
1,0,W
1,0,W
1,0,W
1,0,W
1,0,W
1,0,W
1,0,W
1,0,W
1,0,W
1,0,W
1,0,W
1,0,W
1,0,W
1,0,W
1,0,W
1,0,W
1,0,W
1,0,W
1,0,W
1,0,W
1,0,W
1,0,W
1,0,W
1,0,W
1,0,W
1,0,W
1,0,W
1,0,W
1,0,W
1,0,W
1,0,W
1,0,W
1,0,W
1,0,W
1,0,W
1,0,W
1,0,W
1,0,W
1,0,W
1,0,W
1,0,W
1,0,W
1,0,W
1,0,W
1,0,W
1,0,W
1,0,W
1,0,W
1,0,W
1,0,W
1,0,W
1,0,W
1,0,W
1,0,W
1,0,W
1,0,W
1,0,W
1,0,W
1,0,W
1,0,W
1,0,W
1,0,W
1,0,W
1,0,W
1,0,W
1,0,W
1,0,W
1,0,W
1,0,W
1,0,W
1,0,W
1,0,W
1,0,W
1,0,W
1,0,W
1,0,W
1,0,W
1,0,W
1,0,W
1,0,W
1,0,W
1,0,W
1,0,W
1,0,W
1,0,W
1,0,W
1,0,W
1,0,W
1,0,W
1,0,W
1,0,W
1,0,W
1,0,W
1,0,W
1,0,W
1,0,W
1,0,W
1,0,W
1,0,W
1,0,W
1,0,W
1,0,W
1,0,W
1,0,W
1,0,W
1,0,W
1,0,W
1,0,W
1,0,W
1,0,W
1,0,W
1,0,W
1,0,W
1,0,W
1,0,W
1,0,W
1,0,W
1,0,W
1,0,W
1,0,W
1,0,W
1,0,W
1,0,W
1,0,W
1,0,W
1,0,W
1,0,W
1,0,W
1,0,W
1,0,W
1,0,W
1,0,W
1,0,W
1,0,W
1,0,W
1,0,W
1,0,W
1,0,W
1,0,W
1,0,W
1,0,W
1,0,W
1,0,W
1,0,W
1,0,W
1,0,W
1,0,W
1,0,W
1,0,W
1,0,W
1,0,W
1,0,W
1,0,W
1,0,W
1,0,W
1,0,W
1,0,W
1,0,W
1,0,W
1,0,W
1,0,W
1,0,W
1,0,W
1,0,W
1,0,W
1,0,W
1,0,W
1,0,W
1,0,W
1,0,W
1,0,W
1,0,W
1,0,W
1,0,W
1,0,W
1,0,W
1,0,W
1,0,W
1,0,W
1,0,W
1,0,W
1,0,W
1,0,W
1,0,W
1,0,W
1,0,W
1,0,W
1,0,W
1,0,W
1,0,W
1,0,W
1,0,W
1,0,W
1,0,W
1,0,W
1,0,W
1,0,W
1,0,W
1,0,W
1,0,W
1,0,W
1,0,W
1,0,W
1,0,W
1,0,W
1,0,W
1,0,W
1,0,W
1,0,W
1,0,W
1,0,W
1,0,W
1,0,W
1,1,W
1,0,W
1,0,W
1,0,W
1,0,W
1,0,W
1,0,W
1,0,W
1,0,W
1,0,W
1,0,W
1,0,W
1,0,W
1,0,W
1,0,W
1,0,W
1,0,W
1,0,W
1,0,W
1,0,W
1,0,W
1,0,W
1,0,W
1,0,W
1,0,W
1,0,W
1,0,W
1,0,W
1,0,W
1,0,W
1,0,W
2,0,W
2,0,W
2,0,W
2,0,W
2,0,W
2,0,W
2,0,W
2,0,W
2,0,W
2,0,W
2,0,W
2,0,W
2,0,W
2,0,W
2,0,W
2,0,W
2,0,W
2,0,W
2,0,W
2,0,W
2,0,W
2,0,W
2,0,W
2,0,W
2,0,W
2,0,W
2,0,W
2,0,W
2,0,W
2,0,W
2,0,W
2,0,W
2,0,W
2,0,W
2,0,W
2,0,W
2,0,W
2,0,W
2,0,W
2,0,W
2,0,W
2,0,W
2,0,W
2,0,W
2,0,W
2,0,W
2,0,W
2,0,W
2,0,W
2,0,W
2,0,W
2,0,W
2,0,W
2,0,W
2,0,W
2,0,W
2,0,W
2,0,W
2,0,W
2,0,W
2,0,W
2,0,W
2,0,W
2,0,W
2,0,W
2,0,W
2,0,W
2,0,W
2,0,W
2,0,W
2,0,W
2,0,W
2,0,W
2,0,W
2,0,W
2,0,W
2,0,W
2,0,W
2,0,W
2,0,W
2,0,W
2,0,W
2,0,W
2,0,W
2,0,W
2,0,W
2,0,W
2,0,W
2,0,W
2,0,W
2,0,W
2,0,W
2,0,W
2,0,W
2,0,W
2,0,W
2,0,W
2,0,W
2,1,W
2,0,W
2,0,W
2,0,W
2,0,W
2,0,W
2,0,W
2,0,W
2,0,W
2,0,W
2,0,W
2,0,W
2,0,W
2,0,W
2,0,W
2,0,W
2,0,W
2,0,W
2,0,W
2,0,W
2,0,W
2,0,W
2,0,W
2,0,W
2,0,W
2,0,W
2,0,W
2,0,W
2,0,W
2,0,W
2,0,W
2,0,W
2,0,W
2,0,W
2,0,W
2,0,W
2,0,W
2,0,W
2,0,W
2,0,W
2,0,W
2,0,W
2,0,W
2,0,W
2,0,W
2,0,W
2,0,W
2,0,W
2,0,W
2,0,W
2,0,W
2,0,W
2,0,W
2,0,W
2,0,W
2,0,W
2,0,W
2,0,W
2,0,W
2,0,W
2,0,W
2,0,W
2,0,W
2,0,W
2,0,W
2,0,W
2,0,W
2,0,W
2,0,W
2,0,W
2,0,W
2,0,W
2,0,W
2,0,W
2,0,W
2,0,W
2,0,W
2,0,W
2,0,W
2,0,W
2,0,W
2,0,W
2,0,W
2,0,W
2,0,W
2,0,W
2,0,W
2,0,W
2,0,W
2,0,W
2,0,W
2,0,W
2,1,W
2,0,W
2,0,W
2,0,W
2,0,W
2,0,W
2,0,W
2,0,W
2,0,W
2,0,W
2,0,W
2,0,W
2,0,W
2,0,W
2,0,W
2,0,W
2,0,W
2,0,W
2,0,W
2,0,W
2,0,W
2,0,W
2,0,W
2,0,W
2,0,W
2,0,W
2,0,W
2,0,W
2,0,W
2,0,W
2,0,W
2,0,W
2,0,W
2,0,W
2,0,W
2,0,W
2,0,W
2,0,W
2,0,W
2,0,W
2,0,W
2,0,W
2,0,W
2,0,W
2,0,W
2,0,W
2,0,W
2,0,W
2,0,W
2,0,W
2,0,W
2,0,W
2,0,W
2,0,W
2,1,W
2,0,W
2,0,W
2,0,W
2,0,W
2,0,W
2,0,W
2,0,W
2,0,W
2,0,W
2,0,W
2,0,W
2,0,W
2,0,W
2,0,W
2,0,W
2,0,W
2,0,W
2,0,W
2,0,W
2,0,W
2,0,W
2,0,W
2,0,W
2,0,W
2,0,W
2,0,W
2,0,W
2,0,W
2,0,W
2,0,W
2,0,W
2,0,W
2,0,W
2,0,W
2,0,W
2,0,W
2,0,W
2,0,W
2,0,W
2,0,W
2,0,W
2,0,W
2,0,W
2,0,W
2,0,W
2,0,W
2,0,W
2,0,W
2,0,W
2,0,W
2,0,W
2,0,W
2,0,W
2,0,W
2,0,W
2,0,W
2,0,W
2,0,W
2,0,W
2,0,W
2,0,W
2,0,W
2,0,W
2,0,W
2,0,W
2,0,W
2,0,W
2,0,W
2,0,W
2,0,W
2,0,W
2,0,W
2,0,W
2,0,W
2,0,W
2,0,W
2,0,W
2,0,W
2,0,W
2,0,W
2,0,W
2,0,W
2,0,W
2,0,W
2,0,W
2,0,W
2,0,W
2,0,W
2,0,W
2,0,W
2,0,W
2,0,W
2,0,W
2,0,W
2,0,W
2,0,W
2,0,W
2,0,W
2,0,W
2,0,W
2,0,W
2,0,W
2,0,W
2,0,W
2,0,W
2,0,W
2,0,W
2,0,W
2,0,W
2,0,W
2,0,W
2,0,W
2,0,W
2,0,W
2,0,W
2,0,W
2,0,W
2,0,W
2,0,W
2,0,W
2,0,W
2,0,W
2,0,W
2,0,W
2,0,W
2,0,W
2,0,W
2,0,W
2,0,W
2,0,W
2,0,W
2,0,W
2,0,W
2,0,W
2,0,W
2,0,W
2,0,W
2,0,W
2,0,W
2,0,W
2,0,W
2,0,W
2,0,W
2,0,W
2,0,W
2,0,W
2,0,W
2,0,W
2,0,W
2,0,W
2,0,W
2,0,W
2,0,W
2,0,W
2,0,W
2,0,W
2,0,W
2,0,W
2,0,W
2,0,W
2,0,W
2,0,W
2,0,W
2,0,W
2,0,W
2,0,W
2,0,W
2,0,W
2,0,W
2,0,W
2,0,W
2,0,W
2,0,W
2,0,W
2,0,W
2,0,W
2,0,W
2,0,W
2,0,W
2,0,W
2,0,W
2,0,W
2,0,W
2,0,W
2,0,W
2,0,W
2,0,W
2,0,W
2,0,W
2,0,W
2,0,W
2,0,W
2,0,W
2,0,W
2,0,W
2,0,W
2,0,W
2,0,W
2,0,W
2,0,W
2,0,W
2,0,W
2,0,W
2,0,W
2,0,W
2,0,W
2,0,W
2,0,W
2,0,W
2,0,W
2,0,W
2,0,W
2,0,W
2,0,W
2,0,W
2,0,W
2,0,W
2,0,W
2,0,W
2,0,W
2,0,W
2,0,W
2,0,W
2,0,W
2,0,W
2,0,W
2,0,W
2,0,W
2,0,W
2,0,W
2,0,W
2,0,W
2,0,W
2,0,W
2,0,W
2,0,W
2,0,W
2,0,W
2,0,W
2,0,W
2,0,W
2,0,W
2,0,W
2,0,W
2,0,W
2,0,W
2,0,W
2,0,W
2,0,W
2,0,W
2,0,W
2,0,W
2,0,W
2,0,W
2,0,W
3,0,W
3,0,W
3,0,W
3,0,W
3,0,W
3,0,W
3,0,W
3,0,W
3,0,W
3,0,W
3,0,W
3,0,W
3,0,W
3,0,W
3,0,W
3,0,W
3,0,W
3,0,W
3,0,W
3,0,W
3,0,W
3,0,W
3,0,W
3,0,W
3,0,W
3,0,W
3,0,W
3,0,W
3,0,W
3,0,W
3,0,W
3,0,W
3,0,W
3,0,W
3,0,W
3,0,W
3,0,W
3,0,W
3,0,W
3,0,W
3,0,W
3,0,W
3,0,W
3,0,W
3,0,W
3,0,W
3,0,W
3,0,W
3,0,W
3,0,W
3,0,W
3,0,W
3,0,W
3,0,W
3,0,W
3,0,W
3,0,W
3,0,W
3,0,W
3,0,W
3,0,W
3,0,W
3,0,W
3,0,W
3,0,W
3,0,W
3,0,W
3,0,W
3,0,W
3,0,W
3,0,W
3,0,W
3,0,W
3,0,W
3,0,W
3,0,W
3,0,W
3,0,W
3,0,W
3,0,W
3,0,W
3,0,W
3,0,W
3,0,W
3,0,W
3,0,W
3,0,W
3,0,W
3,0,W
3,0,W
3,0,W
3,0,W
3,0,W
3,0,W
3,0,W
3,0,W
3,0,W
3,0,W
3,0,W
3,0,W
3,0,W
3,0,W
3,0,W
3,0,W
3,0,W
3,0,W
3,0,W
3,0,W
3,0,W
3,0,W
3,0,W
3,0,W
3,0,W
3,0,W
3,0,W
3,0,W
3,0,W
3,0,W
3,0,W
3,0,W
3,0,W
3,0,W
3,0,W
3,0,W
3,0,W
3,0,W
3,0,W
3,0,W
3,0,W
3,0,W
3,0,W
3,0,W
3,0,W
3,0,W
3,0,W
3,0,W
3,0,W
3,0,W
3,0,W
3,0,W
3,0,W
3,0,W
3,0,W
3,0,W
3,0,W
3,0,W
3,0,W
3,0,W
3,0,W
3,0,W
3,0,W
3,0,W
3,0,W
3,0,W
3,0,W
3,0,W
3,0,W
3,0,W
3,1,W
3,0,W
3,0,W
3,0,W
3,0,W
3,0,W
3,0,W
3,0,W
3,0,W
3,0,W
3,0,W
3,0,W
3,0,W
3,0,W
3,0,W
3,0,W
3,0,W
3,0,W
3,0,W
3,0,W
3,0,W
3,0,W
3,0,W
3,0,W
3,0,W
3,0,W
3,0,W
3,0,W
3,0,W
3,0,W
3,0,W
3,0,W
3,0,W
3,0,W
3,0,W
3,0,W
3,0,W
3,0,W
3,0,W
3,0,W
3,0,W
3,0,W
3,0,W
3,0,W
3,0,W
3,0,W
3,0,W
3,0,W
3,0,W
3,0,W
3,0,W
3,0,W
3,0,W
3,0,W
3,0,W
3,0,W
3,0,W
3,0,W
3,0,W
3,0,W
3,0,W
3,0,W
3,0,W
3,0,W
3,0,W
3,0,W
3,0,W
3,0,W
3,0,W
3,0,W
3,0,W
3,0,W
3,0,W
3,0,W
3,0,W
3,0,W
3,0,W
3,0,W
3,0,W
3,0,W
3,0,W
3,0,W
3,0,W
3,0,W
3,0,W
3,0,W
3,0,W
3,0,W
3,1,W
3,0,W
3,0,W
3,0,W
3,0,W
3,0,W
3,0,W
3,0,W
3,0,W
3,0,W
3,0,W
3,0,W
3,0,W
3,0,W
3,0,W
3,0,W
3,0,W
3,0,W
3,0,W
3,0,W
3,0,W
3,0,W
3,0,W
3,0,W
3,0,W
3,0,W
3,0,W
3,0,W
3,0,W
3,0,W
3,0,W
3,0,W
3,0,W
3,0,W
3,0,W
3,0,W
3,0,W
3,0,W
3,0,W
3,0,W
3,0,W
3,0,W
3,0,W
3,0,W
3,0,W
3,0,W
3,0,W
3,0,W
3,0,W
3,0,W
3,0,W
3,0,W
3,0,W
3,0,W
3,0,W
3,0,W
3,0,W
3,0,W
3,0,W
3,0,W
3,0,W
3,0,W
3,0,W
3,0,W
3,0,W
3,0,W
3,0,W
3,0,W
3,0,W
3,0,W
3,0,W
3,0,W
3,0,W
3,0,W
3,0,W
3,0,W
3,0,W
3,0,W
3,0,W
3,0,W
3,0,W
3,0,W
3,0,W
3,0,W
3,0,W
3,0,W
3,0,W
3,0,W
3,0,W
3,0,W
3,0,W
3,0,W
3,0,W
3,0,W
3,1,W
3,0,W
3,0,W
3,0,W
3,0,W
3,0,W
3,0,W
3,0,W
3,0,W
3,0,W
3,0,W
3,0,W
3,0,W
3,0,W
3,0,W
3,0,W
3,0,W
3,0,W
3,0,W
3,0,W
3,0,W
3,0,W
3,0,W
3,0,W
3,0,W
3,0,W
3,0,W
3,0,W
3,0,W
3,0,W
3,0,W
3,0,W
3,0,W
3,0,W
3,0,W
3,0,W
3,0,W
3,0,W
3,0,W
3,0,W
3,0,W
3,0,W
3,0,W
3,0,W
3,0,W
3,0,W
3,0,W
3,0,W
3,0,W
3,0,W
3,0,W
3,0,W
3,0,W
3,0,W
3,0,W
3,0,W
3,0,W
3,0,W
3,0,W
3,0,W
3,0,W
3,0,W
3,0,W
3,0,W
3,0,W
3,0,W
3,0,W
3,0,W
3,0,W
3,0,W
3,0,W
3,0,W
3,0,W
3,0,W
3,0,W
3,0,W
3,0,W
3,0,W
3,0,W
3,0,W
3,0,W
3,0,W
3,0,W
3,0,W
3,0,W
3,0,W
3,0,W
3,0,W
3,0,W
3,0,W
3,0,W
3,0,W
3,0,W
3,0,W
3,0,W
3,0,W
3,0,W
3,0,W
3,0,W
3,0,W
3,0,W
3,0,W
3,0,W
3,0,W
3,0,W
3,0,W
3,0,W
3,0,W
3,0,W
3,0,W
3,0,W
3,0,W
3,0,W
3,0,W
3,0,W
3,0,W
3,0,W
3,0,W
3,0,W
3,0,W
3,0,W
3,0,W
3,0,W
3,0,W
3,0,W
3,0,W
3,0,W
3,0,W
3,0,W
3,1,W
3,0,W
3,0,W
3,0,W
3,0,W
3,0,W
3,0,W
3,0,W
3,0,W
3,0,W
3,0,W
3,0,W
3,0,W
3,0,W
3,0,W
3,0,W
3,0,W
3,0,W
3,0,W
3,0,W
3,0,W
3,0,W
3,0,W
3,0,W
3,0,W
3,0,W
3,0,W
3,0,W
3,0,W
3,0,W
3,0,W
4,0,W
4,0,W
4,0,W
4,0,W
4,0,W
4,0,W
4,0,W
4,0,W
4,0,W
4,0,W
4,0,W
4,0,W
4,0,W
4,0,W
4,0,W
4,0,W
4,0,W
4,0,W
4,0,W
4,0,W
4,0,W
4,0,W
4,0,W
4,0,W
4,0,W
4,0,W
4,0,W
4,0,W
4,0,W
4,0,W
4,0,W
4,0,W
4,0,W
4,0,W
4,0,W
4,0,W
4,0,W
4,0,W
4,0,W
4,0,W
4,0,W
4,0,W
4,0,W
4,0,W
4,0,W
4,0,W
4,0,W
4,0,W
4,0,W
4,0,W
4,0,W
4,0,W
4,0,W
4,0,W
4,0,W
4,0,W
4,0,W
4,0,W
4,0,W
4,0,W
4,0,W
4,0,W
4,0,W
4,0,W
4,0,W
4,0,W
4,0,W
4,0,W
4,0,W
4,0,W
4,0,W
4,0,W
4,0,W
4,0,W
4,0,W
4,0,W
4,0,W
4,0,W
4,0,W
4,0,W
4,0,W
4,0,W
4,0,W
4,0,W
4,0,W
4,0,W
4,0,W
4,0,W
4,0,W
4,0,W
4,0,W
4,0,W
4,0,W
4,0,W
4,0,W
4,0,W
4,0,W
4,0,W
4,0,W
4,0,W
4,0,W
4,0,W
4,0,W
4,0,W
4,0,W
4,0,W
4,0,W
4,0,W
4,0,W
4,0,W
4,0,W
4,0,W
4,0,W
4,0,W
4,0,W
4,0,W
4,0,W
4,0,W
4,0,W
4,1,W
4,0,W
4,0,W
4,0,W
4,0,W
4,0,W
4,0,W
4,0,W
4,0,W
4,0,W
4,0,W
4,0,W
4,0,W
4,0,W
4,0,W
4,0,W
4,0,W
4,0,W
4,0,W
4,0,W
4,0,W
4,0,W
4,0,W
4,0,W
4,0,W
4,0,W
4,0,W
4,0,W
4,0,W
4,0,W
4,0,W
4,0,W
4,0,W
4,0,W
4,0,W
4,0,W
4,0,W
4,0,W
4,0,W
4,0,W
4,0,W
4,0,W
4,0,W
4,0,W
4,0,W
4,0,W
4,0,W
4,0,W
4,0,W
4,0,W
4,0,W
4,0,W
4,0,W
4,0,W
4,0,W
4,0,W
4,0,W
4,0,W
4,0,W
4,0,W
4,0,W
4,0,W
4,0,W
4,0,W
4,0,W
4,0,W
4,0,W
4,0,W
4,0,W
4,0,W
4,0,W
4,0,W
4,0,W
4,0,W
4,0,W
4,0,W
4,0,W
4,0,W
4,0,W
4,0,W
4,0,W
4,0,W
4,0,W
4,0,W
4,0,W
4,0,W
4,0,W
4,0,W
4,0,W
4,0,W
4,0,W
4,0,W
4,0,W
4,0,W
4,0,W
4,0,W
4,0,W
4,0,W
4,0,W
4,0,W
4,0,W
4,0,W
4,0,W
4,0,W
4,0,W
4,0,W
4,0,W
4,0,W
4,0,W
4,0,W
4,0,W
4,0,W
4,0,W
4,0,W
4,0,W
4,0,W
4,0,W
4,0,W
4,0,W
4,0,W
4,1,W
4,0,W
4,0,W
4,0,W
4,0,W
4,0,W
4,0,W
4,0,W
4,0,W
4,0,W
4,0,W
4,0,W
4,0,W
4,0,W
4,0,W
4,0,W
4,0,W
4,0,W
4,0,W
4,0,W
4,0,W
4,0,W
4,0,W
4,0,W
4,0,W
4,0,W
4,0,W
4,0,W
4,0,W
4,0,W
4,0,W
4,0,W
4,0,W
4,0,W
4,0,W
4,0,W
4,0,W
4,0,W
4,0,W
4,0,W
4,0,W
4,0,W
4,0,W
4,0,W
4,0,W
4,0,W
4,0,W
4,0,W
4,0,W
4,0,W
4,0,W
4,0,W
4,0,W
4,0,W
4,0,W
4,0,W
4,0,W
4,0,W
4,0,W
4,0,W
4,0,W
4,0,W
4,0,W
4,0,W
4,0,W
4,0,W
4,0,W
4,0,W
4,0,W
4,0,W
4,0,W
4,0,W
4,0,W
4,0,W
4,0,W
4,0,W
4,0,W
4,0,W
4,0,W
4,0,W
4,0,W
4,0,W
4,0,W
4,0,W
4,0,W
4,0,W
4,0,W
4,0,W
4,0,W
4,0,W
4,0,W
4,0,W
4,0,W
4,0,W
4,0,W
4,0,W
4,0,W
4,0,W
4,0,W
4,0,W
4,0,W
4,0,W
4,0,W
4,0,W
4,0,W
4,0,W
4,0,W
4,0,W
4,0,W
4,0,W
4,0,W
4,0,W
4,0,W
4,0,W
4,0,W
4,0,W
4,0,W
4,0,W
4,0,W
4,0,W
4,0,W
4,0,W
4,0,W
4,0,W
4,0,W
4,0,W
4,0,W
4,0,W
4,0,W
4,0,W
4,0,W
4,0,W
4,0,W
4,0,W
4,0,W
4,0,W
4,0,W
4,0,W
4,0,W
4,0,W
4,0,W
4,0,W
4,0,W
4,0,W
4,0,W
4,0,W
4,0,W
4,0,W
4,0,W
4,0,W
4,0,W
4,0,W
4,0,W
4,0,W
4,0,W
4,0,W
4,0,W
4,0,W
4,0,W
4,0,W
4,0,W
4,0,W
4,0,W
4,0,W
4,0,W
4,0,W
4,0,W
4,0,W
4,0,W
4,0,W
4,0,W
4,0,W
4,0,W
4,0,W
4,0,W
4,0,W
4,0,W
4,0,W
4,0,W
4,0,W
4,0,W
4,0,W
4,0,W
4,0,W
4,0,W
4,0,W
4,0,W
4,0,W
4,0,W
4,0,W
4,0,W
4,0,W
4,0,W
4,0,W
4,0,W
4,0,W
4,0,W
4,0,W
4,0,W
4,0,W
4,0,W
4,0,W
4,0,W
4,0,W
4,0,W
4,0,W
4,0,W
4,0,W
4,0,W
4,0,W
4,0,W
4,0,W
4,0,W
4,0,W
4,0,W
4,0,W
4,0,W
4,0,W
4,0,W
4,0,W
4,0,W
4,0,W
4,0,W
4,0,W
4,0,W
4,0,W
4,0,W
4,0,W
4,0,W
4,0,W
4,0,W
4,0,W
4,0,W
4,0,W
4,0,W
4,0,W
4,0,W
4,0,W
4,0,W
4,0,W
4,0,W
4,0,W
4,0,W
4,0,W
4,0,W
4,0,W
4,0,W
4,0,W
4,0,W
4,0,W
4,0,W
4,0,W
4,0,W
4,0,W
4,0,W
4,0,W
4,0,W
4,0,W
4,0,W
4,0,W
4,0,W
1,0,J
1,0,J
1,0,J
1,0,J
1,0,J
1,0,J
1,0,J
1,0,J
1,0,J
1,0,J
1,0,J
1,0,J
1,0,J
1,0,J
1,0,J
1,0,J
1,0,J
1,0,J
1,0,J
1,0,J
1,0,J
1,0,J
1,0,J
1,0,J
1,0,J
1,0,J
1,0,J
1,0,J
1,0,J
1,0,J
1,0,J
1,0,J
1,0,J
1,0,J
1,0,J
1,0,J
1,0,J
1,0,J
1,0,J
1,0,J
1,0,J
1,0,J
1,0,J
1,0,J
1,0,J
1,0,J
1,0,J
1,0,J
1,0,J
1,0,J
1,0,J
1,0,J
1,0,J
1,0,J
1,0,J
1,0,J
1,0,J
1,0,J
1,0,J
1,0,J
1,0,J
1,1,J
1,0,J
1,0,J
1,0,J
1,0,J
1,0,J
1,0,J
1,0,J
1,0,J
1,0,J
1,0,J
1,0,J
1,0,J
1,0,J
1,0,J
1,0,J
1,0,J
1,0,J
1,0,J
1,0,J
1,0,J
1,0,J
1,0,J
1,0,J
1,0,J
1,0,J
1,0,J
1,0,J
1,0,J
1,0,J
1,0,J
1,0,J
1,0,J
1,0,J
1,0,J
1,0,J
1,0,J
1,0,J
1,0,J
1,0,J
1,0,J
1,0,J
1,0,J
1,0,J
1,0,J
1,0,J
1,0,J
1,0,J
1,0,J
1,0,J
1,0,J
1,0,J
1,0,J
1,0,J
1,0,J
1,0,J
1,0,J
1,0,J
1,0,J
1,0,J
1,0,J
1,0,J
1,0,J
1,0,J
1,0,J
1,0,J
1,0,J
1,0,J
1,0,J
1,0,J
1,0,J
1,0,J
1,0,J
1,0,J
1,0,J
1,0,J
1,0,J
1,0,J
1,0,J
1,0,J
1,0,J
1,0,J
1,0,J
1,0,J
1,0,J
1,0,J
1,0,J
1,0,J
1,0,J
1,0,J
1,0,J
1,0,J
1,0,J
1,0,J
1,0,J
1,0,J
1,0,J
1,0,J
1,0,J
1,0,J
1,0,J
1,0,J
1,0,J
1,0,J
1,0,J
1,0,J
1,0,J
1,0,J
1,0,J
1,0,J
1,0,J
1,0,J
1,0,J
1,0,J
1,0,J
1,0,J
1,0,J
1,0,J
1,0,J
1,0,J
1,0,J
1,0,J
1,0,J
1,0,J
1,0,J
1,0,J
1,0,J
1,0,J
1,0,J
1,0,J
1,0,J
1,0,J
1,0,J
1,0,J
1,0,J
1,0,J
1,0,J
1,0,J
1,0,J
1,0,J
1,0,J
1,0,J
1,0,J
1,0,J
1,0,J
1,0,J
1,0,J
1,0,J
1,0,J
1,0,J
1,0,J
1,0,J
1,0,J
1,0,J
1,0,J
1,0,J
1,0,J
1,0,J
1,0,J
1,0,J
1,0,J
1,0,J
1,0,J
1,0,J
1,0,J
1,0,J
1,0,J
1,0,J
1,0,J
1,0,J
1,0,J
1,0,J
1,0,J
1,0,J
1,0,J
1,0,J
1,0,J
1,0,J
1,0,J
1,0,J
1,0,J
1,0,J
1,0,J
1,0,J
1,0,J
1,0,J
1,0,J
1,0,J
1,0,J
1,0,J
1,0,J
1,0,J
1,0,J
1,0,J
1,0,J
1,0,J
1,0,J
1,0,J
1,0,J
1,0,J
1,0,J
1,0,J
1,0,J
1,0,J
1,0,J
1,0,J
1,0,J
1,0,J
1,0,J
1,0,J
1,0,J
1,0,J
1,0,J
1,0,J
1,0,J
1,0,J
1,0,J
1,0,J
1,0,J
1,0,J
1,0,J
1,0,J
1,0,J
1,0,J
1,0,J
1,0,J
1,0,J
1,0,J
1,0,J
1,0,J
1,0,J
1,0,J
1,0,J
1,0,J
1,0,J
1,0,J
1,0,J
1,0,J
1,0,J
1,0,J
1,0,J
1,0,J
1,0,J
1,0,J
1,0,J
1,0,J
1,0,J
1,0,J
1,0,J
1,0,J
1,0,J
1,0,J
1,0,J
1,0,J
1,0,J
1,0,J
1,0,J
1,0,J
1,0,J
1,0,J
1,0,J
1,0,J
1,0,J
1,0,J
1,0,J
1,0,J
1,0,J
1,0,J
1,0,J
1,0,J
1,0,J
1,0,J
1,0,J
1,0,J
1,0,J
1,0,J
1,0,J
1,0,J
1,0,J
1,0,J
1,0,J
1,0,J
1,0,J
1,0,J
1,0,J
1,0,J
1,0,J
1,0,J
1,0,J
1,0,J
1,0,J
1,0,J
1,0,J
1,0,J
1,0,J
1,0,J
1,0,J
1,0,J
1,0,J
1,0,J
1,0,J
1,0,J
1,0,J
1,0,J
1,0,J
1,0,J
1,0,J
1,0,J
1,0,J
1,0,J
1,0,J
1,0,J
1,0,J
1,0,J
1,0,J
1,0,J
1,0,J
1,0,J
1,0,J
1,0,J
1,0,J
1,0,J
1,0,J
1,0,J
1,0,J
1,0,J
1,0,J
1,0,J
1,0,J
1,0,J
1,0,J
1,0,J
1,0,J
1,0,J
1,0,J
1,0,J
1,0,J
1,0,J
1,0,J
1,0,J
1,0,J
1,0,J
1,0,J
1,0,J
1,0,J
1,0,J
1,0,J
1,0,J
1,0,J
1,0,J
1,0,J
1,0,J
1,0,J
1,0,J
1,0,J
1,0,J
1,0,J
1,0,J
1,0,J
1,0,J
1,0,J
1,0,J
1,0,J
1,0,J
1,0,J
1,0,J
1,0,J
1,0,J
1,0,J
1,0,J
1,0,J
1,0,J
1,0,J
1,0,J
1,0,J
1,0,J
1,0,J
1,0,J
1,0,J
1,0,J
1,0,J
1,0,J
1,0,J
1,0,J
1,0,J
1,0,J
1,0,J
1,0,J
1,0,J
1,0,J
1,0,J
1,0,J
1,0,J
1,0,J
1,0,J
1,0,J
1,0,J
1,0,J
1,0,J
1,0,J
1,0,J
1,0,J
1,0,J
1,0,J
1,0,J
1,0,J
1,0,J
1,0,J
1,0,J
1,0,J
1,0,J
1,0,J
1,0,J
1,0,J
1,0,J
1,0,J
1,0,J
1,0,J
1,0,J
1,0,J
1,0,J
1,0,J
1,0,J
1,0,J
1,0,J
1,0,J
1,0,J
1,0,J
1,0,J
1,0,J
1,0,J
1,0,J
1,0,J
1,1,J
1,0,J
1,0,J
1,0,J
1,0,J
1,0,J
2,0,J
2,0,J
2,0,J
2,0,J
2,0,J
2,0,J
2,0,J
2,0,J
2,0,J
2,0,J
2,0,J
2,0,J
2,0,J
2,0,J
2,0,J
2,0,J
2,0,J
2,0,J
2,0,J
2,0,J
2,0,J
2,0,J
2,0,J
2,0,J
2,0,J
2,0,J
2,0,J
2,0,J
2,0,J
2,0,J
2,0,J
2,0,J
2,0,J
2,0,J
2,0,J
2,0,J
2,0,J
2,0,J
2,0,J
2,0,J
2,0,J
2,0,J
2,0,J
2,0,J
2,0,J
2,0,J
2,0,J
2,0,J
2,0,J
2,0,J
2,0,J
2,0,J
2,0,J
2,0,J
2,0,J
2,0,J
2,0,J
2,0,J
2,0,J
2,0,J
2,0,J
2,0,J
2,0,J
2,0,J
2,0,J
2,0,J
2,0,J
2,0,J
2,0,J
2,0,J
2,0,J
2,0,J
2,0,J
2,0,J
2,0,J
2,0,J
2,0,J
2,0,J
2,0,J
2,0,J
2,0,J
2,0,J
2,0,J
2,0,J
2,0,J
2,0,J
2,0,J
2,0,J
2,0,J
2,0,J
2,0,J
2,0,J
2,0,J
2,0,J
2,0,J
2,0,J
2,0,J
2,0,J
2,0,J
2,0,J
2,0,J
2,0,J
2,0,J
2,0,J
2,0,J
2,0,J
2,0,J
2,0,J
2,0,J
2,0,J
2,0,J
2,0,J
2,0,J
2,0,J
2,0,J
2,0,J
2,0,J
2,0,J
2,0,J
2,0,J
2,0,J
2,0,J
2,0,J
2,0,J
2,0,J
2,0,J
2,0,J
2,0,J
2,0,J
2,0,J
2,0,J
2,0,J
2,0,J
2,0,J
2,0,J
2,0,J
2,0,J
2,0,J
2,0,J
2,0,J
2,0,J
2,0,J
2,0,J
2,0,J
2,0,J
2,0,J
2,0,J
2,0,J
2,0,J
2,0,J
2,0,J
2,0,J
2,0,J
2,0,J
2,0,J
2,0,J
2,0,J
2,0,J
2,0,J
2,0,J
2,0,J
2,0,J
2,0,J
2,0,J
2,0,J
2,0,J
2,0,J
2,0,J
2,0,J
2,0,J
2,0,J
2,0,J
2,0,J
2,0,J
2,0,J
2,0,J
2,0,J
2,0,J
2,0,J
2,0,J
2,0,J
2,0,J
2,0,J
2,0,J
2,0,J
2,0,J
2,0,J
2,0,J
2,0,J
2,0,J
2,0,J
2,0,J
2,0,J
2,0,J
2,0,J
2,0,J
2,0,J
2,0,J
2,0,J
2,0,J
2,0,J
2,0,J
2,0,J
2,0,J
2,0,J
2,0,J
2,0,J
2,0,J
2,0,J
2,0,J
2,0,J
2,0,J
2,0,J
2,0,J
2,0,J
2,0,J
2,0,J
2,0,J
2,0,J
2,0,J
2,0,J
2,0,J
2,0,J
2,0,J
2,0,J
2,0,J
2,0,J
2,0,J
2,0,J
2,0,J
2,0,J
2,0,J
2,0,J
2,0,J
2,0,J
2,0,J
2,0,J
2,0,J
2,0,J
2,0,J
2,0,J
2,0,J
2,0,J
2,0,J
2,0,J
2,0,J
2,0,J
2,0,J
2,0,J
2,0,J
2,0,J
2,0,J
2,0,J
2,0,J
2,0,J
2,0,J
2,0,J
2,0,J
2,0,J
2,0,J
2,0,J
2,0,J
2,0,J
2,0,J
2,0,J
2,0,J
2,0,J
2,0,J
2,0,J
2,0,J
2,0,J
2,0,J
2,0,J
2,0,J
2,0,J
2,0,J
2,0,J
2,0,J
2,0,J
2,0,J
2,0,J
2,0,J
2,0,J
2,0,J
2,0,J
2,0,J
2,0,J
2,0,J
2,0,J
2,0,J
2,0,J
2,0,J
2,0,J
2,0,J
2,0,J
2,0,J
2,0,J
2,0,J
2,0,J
2,0,J
2,0,J
2,0,J
2,0,J
2,0,J
2,0,J
2,0,J
2,0,J
2,0,J
2,0,J
2,0,J
2,0,J
2,0,J
2,0,J
2,0,J
2,0,J
2,0,J
2,0,J
2,0,J
2,0,J
2,0,J
2,0,J
2,0,J
2,0,J
2,0,J
2,0,J
2,0,J
2,0,J
2,0,J
2,0,J
2,0,J
2,0,J
2,1,J
2,0,J
2,0,J
2,0,J
2,0,J
2,0,J
2,0,J
2,0,J
2,0,J
2,0,J
2,0,J
2,0,J
2,0,J
2,0,J
2,0,J
2,0,J
2,0,J
2,0,J
2,0,J
2,0,J
2,0,J
2,0,J
2,0,J
2,0,J
2,0,J
2,0,J
2,0,J
2,0,J
2,0,J
2,0,J
2,0,J
2,0,J
2,0,J
2,0,J
2,0,J
2,0,J
2,0,J
2,0,J
2,0,J
2,0,J
2,0,J
2,0,J
2,0,J
2,0,J
2,0,J
2,0,J
2,0,J
2,0,J
2,0,J
2,0,J
2,0,J
2,0,J
2,0,J
2,0,J
2,0,J
2,0,J
2,0,J
2,0,J
2,0,J
2,0,J
2,0,J
2,0,J
2,0,J
2,0,J
2,0,J
2,0,J
2,0,J
2,0,J
2,0,J
2,0,J
2,0,J
2,0,J
2,0,J
2,0,J
2,0,J
2,0,J
2,0,J
2,0,J
2,0,J
2,0,J
2,0,J
2,0,J
2,0,J
2,0,J
2,0,J
2,0,J
2,0,J
2,0,J
2,0,J
2,0,J
2,0,J
2,0,J
2,0,J
2,0,J
2,0,J
2,0,J
2,0,J
2,0,J
2,0,J
2,0,J
2,0,J
2,0,J
2,0,J
2,0,J
2,0,J
2,0,J
2,0,J
2,0,J
2,0,J
2,0,J
2,0,J
2,0,J
2,0,J
2,0,J
2,0,J
2,0,J
2,0,J
2,0,J
2,0,J
2,0,J
2,0,J
2,0,J
2,0,J
2,0,J
2,0,J
2,0,J
2,0,J
2,0,J
2,0,J
2,0,J
2,0,J
2,0,J
2,0,J
2,0,J
2,0,J
2,0,J
2,0,J
2,1,J
2,0,J
2,0,J
2,0,J
2,0,J
2,0,J
2,0,J
2,0,J
2,0,J
2,0,J
2,0,J
2,0,J
2,0,J
2,0,J
2,0,J
2,0,J
2,0,J
2,0,J
2,0,J
2,0,J
2,0,J
2,0,J
2,0,J
2,0,J
2,0,J
2,0,J
2,0,J
2,0,J
2,0,J
2,0,J
2,0,J
2,0,J
3,0,J
3,0,J
3,0,J
3,0,J
3,0,J
3,0,J
3,0,J
3,0,J
3,0,J
3,0,J
3,0,J
3,0,J
3,0,J
3,0,J
3,0,J
3,0,J
3,0,J
3,0,J
3,0,J
3,0,J
3,0,J
3,0,J
3,0,J
3,0,J
3,0,J
3,0,J
3,0,J
3,0,J
3,0,J
3,0,J
3,0,J
3,0,J
3,0,J
3,0,J
3,0,J
3,0,J
3,0,J
3,0,J
3,0,J
3,0,J
3,0,J
3,0,J
3,0,J
3,0,J
3,0,J
3,0,J
3,0,J
3,0,J
3,0,J
3,0,J
3,0,J
3,0,J
3,0,J
3,0,J
3,0,J
3,0,J
3,0,J
3,0,J
3,0,J
3,0,J
3,0,J
3,0,J
3,0,J
3,0,J
3,0,J
3,0,J
3,0,J
3,0,J
3,0,J
3,0,J
3,0,J
3,0,J
3,0,J
3,0,J
3,0,J
3,0,J
3,0,J
3,0,J
3,0,J
3,0,J
3,0,J
3,0,J
3,0,J
3,0,J
3,0,J
3,0,J
3,0,J
3,0,J
3,0,J
3,0,J
3,0,J
3,0,J
3,0,J
3,0,J
3,0,J
3,0,J
3,0,J
3,0,J
3,0,J
3,0,J
3,0,J
3,0,J
3,0,J
3,0,J
3,0,J
3,0,J
3,0,J
3,0,J
3,0,J
3,0,J
3,0,J
3,0,J
3,0,J
3,0,J
3,0,J
3,0,J
3,0,J
3,0,J
3,0,J
3,0,J
3,0,J
3,0,J
3,0,J
3,0,J
3,0,J
3,0,J
3,0,J
3,0,J
3,0,J
3,1,J
3,0,J
3,0,J
3,0,J
3,0,J
3,0,J
3,0,J
3,0,J
3,0,J
3,0,J
3,0,J
3,1,J
3,0,J
3,0,J
3,0,J
3,0,J
3,0,J
3,0,J
3,0,J
3,0,J
3,0,J
3,0,J
3,0,J
3,0,J
3,0,J
3,0,J
3,0,J
3,0,J
3,0,J
3,0,J
3,0,J
3,0,J
3,0,J
3,0,J
3,0,J
3,0,J
3,0,J
3,0,J
3,0,J
3,0,J
3,0,J
3,0,J
3,0,J
3,0,J
3,0,J
3,0,J
3,0,J
3,0,J
3,0,J
3,0,J
3,0,J
3,0,J
3,0,J
3,0,J
3,0,J
3,0,J
3,0,J
3,0,J
3,0,J
3,0,J
3,0,J
3,0,J
3,0,J
3,0,J
3,1,J
3,0,J
3,0,J
3,0,J
3,0,J
3,0,J
3,0,J
3,0,J
3,0,J
3,0,J
3,0,J
3,0,J
3,0,J
3,0,J
3,0,J
3,0,J
3,0,J
3,0,J
3,0,J
3,0,J
3,0,J
3,0,J
3,0,J
3,0,J
3,0,J
3,0,J
3,0,J
3,0,J
3,0,J
3,0,J
3,0,J
3,0,J
3,0,J
3,0,J
3,0,J
3,0,J
3,0,J
3,0,J
3,0,J
3,0,J
3,0,J
3,0,J
3,0,J
3,0,J
3,0,J
3,0,J
3,0,J
3,0,J
3,0,J
3,0,J
3,0,J
3,0,J
3,0,J
3,0,J
3,0,J
3,0,J
3,0,J
3,0,J
3,0,J
3,0,J
3,0,J
3,0,J
3,0,J
3,0,J
3,0,J
3,0,J
3,0,J
3,0,J
3,0,J
3,0,J
3,0,J
3,0,J
3,0,J
3,0,J
3,0,J
3,0,J
3,0,J
3,0,J
3,0,J
3,0,J
3,0,J
3,0,J
3,0,J
3,0,J
3,0,J
3,0,J
3,0,J
3,0,J
3,0,J
3,0,J
3,0,J
3,0,J
3,0,J
3,0,J
3,0,J
3,0,J
3,0,J
3,0,J
3,0,J
3,0,J
3,0,J
3,0,J
3,0,J
3,0,J
3,0,J
3,0,J
3,0,J
3,0,J
3,0,J
3,0,J
3,0,J
3,0,J
3,0,J
3,0,J
3,0,J
3,0,J
3,0,J
3,0,J
3,0,J
3,0,J
3,0,J
3,0,J
3,0,J
3,0,J
3,0,J
3,0,J
3,0,J
3,0,J
3,0,J
3,0,J
3,0,J
3,0,J
3,0,J
3,0,J
3,0,J
3,0,J
3,0,J
3,0,J
3,0,J
3,0,J
3,0,J
3,0,J
3,0,J
3,0,J
3,0,J
3,0,J
3,0,J
3,0,J
3,0,J
3,0,J
3,0,J
3,0,J
3,0,J
3,0,J
3,0,J
3,0,J
3,0,J
3,0,J
3,0,J
3,0,J
3,0,J
3,0,J
3,0,J
3,0,J
3,0,J
3,0,J
3,0,J
3,0,J
3,0,J
3,0,J
3,0,J
3,0,J
3,0,J
3,0,J
3,0,J
3,0,J
3,1,J
3,0,J
3,0,J
3,0,J
3,0,J
3,0,J
3,0,J
3,0,J
3,0,J
3,0,J
3,0,J
3,0,J
3,0,J
3,0,J
3,0,J
3,0,J
3,0,J
3,0,J
3,0,J
3,0,J
3,0,J
3,0,J
3,0,J
3,0,J
3,0,J
3,0,J
3,0,J
3,0,J
3,0,J
3,0,J
3,0,J
3,0,J
3,0,J
3,0,J
3,0,J
3,0,J
3,0,J
3,0,J
3,0,J
3,0,J
3,0,J
3,0,J
3,0,J
3,0,J
3,0,J
3,0,J
3,0,J
3,0,J
3,0,J
3,0,J
3,0,J
3,0,J
3,0,J
3,0,J
3,0,J
3,0,J
3,0,J
3,0,J
3,0,J
3,0,J
3,0,J
3,0,J
3,0,J
3,0,J
3,0,J
3,0,J
3,0,J
3,0,J
3,0,J
3,0,J
3,0,J
3,0,J
3,0,J
3,0,J
3,0,J
3,0,J
3,0,J
3,0,J
3,0,J
3,0,J
3,0,J
3,0,J
3,1,J
3,0,J
3,0,J
3,0,J
3,0,J
3,0,J
3,0,J
3,0,J
3,0,J
3,0,J
3,0,J
3,0,J
3,0,J
3,0,J
3,0,J
3,1,J
3,0,J
3,0,J
3,0,J
3,0,J
3,0,J
3,0,J
3,0,J
3,0,J
3,0,J
3,0,J
3,0,J
3,0,J
3,0,J
3,0,J
3,0,J
3,0,J
3,0,J
3,0,J
3,0,J
3,0,J
3,0,J
3,0,J
3,0,J
3,0,J
3,0,J
3,0,J
3,0,J
3,0,J
3,0,J
3,0,J
3,0,J
3,0,J
3,0,J
4,0,J
4,0,J
4,0,J
4,0,J
4,0,J
4,0,J
4,0,J
4,0,J
4,0,J
4,0,J
4,0,J
4,0,J
4,0,J
4,0,J
4,0,J
4,0,J
4,0,J
4,0,J
4,0,J
4,0,J
4,0,J
4,0,J
4,0,J
4,0,J
4,0,J
4,0,J
4,0,J
4,0,J
4,0,J
4,0,J
4,0,J
4,0,J
4,0,J
4,0,J
4,0,J
4,0,J
4,0,J
4,0,J
4,0,J
4,0,J
4,0,J
4,0,J
4,0,J
4,0,J
4,0,J
4,0,J
4,0,J
4,0,J
4,0,J
4,0,J
4,0,J
4,0,J
4,0,J
4,0,J
4,0,J
4,0,J
4,0,J
4,0,J
4,0,J
4,0,J
4,0,J
4,0,J
4,0,J
4,0,J
4,0,J
4,0,J
4,0,J
4,0,J
4,1,J
4,0,J
4,0,J
4,0,J
4,0,J
4,0,J
4,0,J
4,0,J
4,0,J
4,0,J
4,0,J
4,0,J
4,0,J
4,0,J
4,0,J
4,0,J
4,0,J
4,0,J
4,0,J
4,0,J
4,0,J
4,0,J
4,0,J
4,0,J
4,0,J
4,0,J
4,0,J
4,0,J
4,0,J
4,0,J
4,0,J
4,0,J
4,0,J
4,0,J
4,0,J
4,0,J
4,0,J
4,0,J
4,0,J
4,0,J
4,0,J
4,0,J
4,0,J
4,0,J
4,0,J
4,0,J
4,0,J
4,0,J
4,0,J
4,0,J
4,0,J
4,0,J
4,0,J
4,0,J
4,0,J
4,0,J
4,0,J
4,0,J
4,0,J
4,0,J
4,0,J
4,0,J
4,0,J
4,0,J
4,0,J
4,0,J
4,0,J
4,0,J
4,0,J
4,0,J
4,0,J
4,0,J
4,0,J
4,0,J
4,0,J
4,0,J
4,0,J
4,0,J
4,0,J
4,0,J
4,0,J
4,0,J
4,0,J
4,1,J
4,0,J
4,0,J
4,0,J
4,0,J
4,0,J
4,0,J
4,0,J
4,0,J
4,0,J
4,0,J
4,0,J
4,0,J
4,1,J
4,0,J
4,0,J
4,0,J
4,0,J
4,0,J
4,0,J
4,0,J
4,0,J
4,0,J
4,0,J
4,0,J
4,0,J
4,0,J
4,0,J
4,0,J
4,0,J
4,0,J
4,0,J
4,0,J
4,0,J
4,0,J
4,0,J
4,0,J
4,0,J
4,0,J
4,0,J
4,0,J
4,0,J
4,0,J
4,0,J
4,0,J
4,0,J
4,0,J
4,0,J
4,0,J
4,0,J
4,0,J
4,0,J
4,0,J
4,0,J
4,0,J
4,0,J
4,0,J
4,0,J
4,0,J
4,0,J
4,0,J
4,0,J
4,0,J
4,0,J
4,0,J
4,0,J
4,0,J
4,0,J
4,0,J
4,0,J
4,0,J
4,0,J
4,0,J
4,0,J
4,0,J
4,0,J
4,0,J
4,0,J
4,0,J
4,0,J
4,0,J
4,0,J
4,0,J
4,0,J
4,0,J
4,0,J
4,0,J
4,0,J
4,0,J
4,0,J
4,0,J
4,0,J
4,0,J
4,0,J
4,0,J
4,0,J
4,0,J
4,0,J
4,0,J
4,0,J
4,0,J
4,0,J
4,0,J
4,0,J
4,0,J
4,0,J
4,0,J
4,0,J
4,0,J
4,0,J
4,0,J
4,0,J
4,0,J
4,0,J
4,0,J
4,0,J
4,0,J
4,0,J
4,0,J
4,0,J
4,0,J
4,0,J
4,0,J
4,0,J
4,0,J
4,0,J
4,0,J
4,0,J
4,0,J
4,0,J
4,0,J
4,0,J
4,0,J
4,0,J
4,0,J
4,0,J
4,0,J
4,0,J
4,0,J
4,0,J
4,0,J
4,0,J
4,0,J
4,0,J
4,0,J
4,0,J
4,0,J
4,0,J
4,0,J
4,0,J
4,0,J
4,0,J
4,0,J
4,0,J
4,0,J
4,0,J
4,0,J
4,0,J
4,0,J
4,0,J
4,0,J
4,0,J
4,0,J
4,0,J
4,0,J
4,0,J
4,0,J
4,0,J
4,0,J
4,0,J
4,0,J
4,0,J
4,0,J
4,0,J
4,0,J
4,0,J
4,0,J
4,0,J
4,0,J
4,0,J
4,0,J
4,0,J
4,0,J
4,0,J
4,0,J
4,0,J
4,0,J
4,0,J
4,0,J
4,0,J
4,0,J
4,0,J
4,0,J
4,0,J
4,0,J
4,0,J
4,0,J
4,0,J
4,0,J
4,0,J
4,0,J
4,0,J
4,0,J
4,0,J
4,0,J
4,0,J
4,0,J
4,0,J
4,0,J
4,0,J
4,0,J
4,0,J
4,0,J
4,0,J
4,0,J
4,0,J
4,0,J
4,0,J
4,0,J
4,0,J
4,0,J
4,0,J
4,0,J
4,0,J
4,0,J
4,0,J
4,0,J
4,0,J
4,0,J
4,0,J
4,0,J
4,0,J
4,0,J
4,0,J
4,0,J
4,0,J
4,0,J
4,0,J
4,0,J
4,0,J
4,0,J
4,0,J
4,0,J
4,0,J
4,0,J
4,0,J
4,0,J
4,0,J
4,0,J
4,0,J
4,0,J
4,0,J
4,0,J
4,0,J
4,0,J
4,0,J
4,0,J
4,0,J
4,0,J
4,0,J
4,0,J
4,0,J
4,0,J
4,0,J
4,0,J
4,0,J
4,0,J
4,0,J
4,0,J
4,0,J
4,0,J
4,0,J
4,0,J
4,0,J
4,0,J
4,0,J
4,0,J
4,0,J
4,0,J
4,0,J
4,0,J
4,0,J
4,0,J
4,0,J
4,0,J
4,0,J
4,0,J
4,0,J
4,0,J
4,0,J
4,0,J
4,0,J
4,0,J
4,0,J
4,0,J
4,0,J
4,0,J
4,0,J
4,0,J
4,0,J
4,0,J
4,0,J
4,0,J
4,0,J
4,0,J
4,0,J
4,0,J
4,0,J
4,0,J
4,0,J
4,0,J
4,0,J
4,0,J
4,0,J
4,0,J
4,0,J
4,0,J
4,0,J
4,0,J
4,0,J
4,0,J
4,0,J
4,0,J
4,0,J
4,0,J
4,0,J
4,0,J
4,0,J
4,0,J
4,0,J
4,0,J
4,0,J
4,0,J
4,0,J
4,0,J
4,0,J
4,0,J
4,0,J
4,0,J
4,0,J
4,0,J
4,0,J
4,0,J
4,0,J
4,0,J
4,0,J
4,0,J
4,0,J
4,0,J